cell,cell_ontology_class,subtissue,mouse.sex,mouse.id,plate.barcode,n_genes,n_counts
A1.B003290.3_38_F.1.1,astrocyte,Striatum,F,3_38_F,B003290,3359,390075.0
A1.B003728.3_56_F.1.1,astrocyte,Striatum,F,3_56_F,B003728,1718,776436.0
A1.MAA000560.3_10_M.1.1,oligodendrocyte,Cortex,M,3_10_M,MAA000560,3910,1616084.0
A1.MAA000564.3_10_M.1.1,endothelial cell,Striatum,M,3_10_M,MAA000564,4352,360004.0
A1.MAA000923.3_9_M.1.1,astrocyte,Hippocampus,M,3_9_M,MAA000923,2248,290282.0
A1.MAA000930.3_8_M.1.1,oligodendrocyte,Cortex,M,3_8_M,MAA000930,948,574628.0
A1.MAA000932.3_11_M.1.1,endothelial cell,Hippocampus,M,3_11_M,MAA000932,1728,360714.0
A1.MAA000940.3_8_M.1.1,neuron,Striatum,M,3_8_M,MAA000940,4451,91133.0
A1.MAA001894.3_39_F.1.1,endothelial cell,Cortex,F,3_39_F,MAA001894,2707,208055.0
A1.MAA001895.3_38_F.1.1,endothelial cell,Cortex,F,3_38_F,MAA001895,2145,98447.0
A10.B003290.3_38_F.1.1,endothelial cell,Striatum,F,3_38_F,B003290,1801,357171.0
A10.MAA000564.3_10_M.1.1,oligodendrocyte precursor cell,Striatum,M,3_10_M,MAA000564,4074,781172.0
A10.MAA000926.3_9_M.1.1,astrocyte,Cortex,M,3_9_M,MAA000926,3106,644465.0
A10.MAA000930.3_8_M.1.1,oligodendrocyte precursor cell,Cortex,M,3_8_M,MAA000930,4234,1613889.0
A10.MAA000932.3_11_M.1.1,endothelial cell,Hippocampus,M,3_11_M,MAA000932,1906,244270.0
A10.MAA000935.3_8_M.1.1,oligodendrocyte,Hippocampus,M,3_8_M,MAA000935,4003,6456990.0
A10.MAA000941.3_8_M.1.1,oligodendrocyte,Hippocampus,M,3_8_M,MAA000941,3436,1412909.0
A10.MAA000944.3_9_M.1.1,oligodendrocyte,Cortex,M,3_9_M,MAA000944,3105,1797200.0
A10.MAA001853.3_38_F.1.1,endothelial cell,Cerebellum,F,3_38_F,MAA001853,2195,89683.0
A10.MAA001854.3_38_F.1.1,oligodendrocyte,Cerebellum,F,3_38_F,MAA001854,1724,2724326.0
A11.B003275.3_38_F.1.1,endothelial cell,Hippocampus,F,3_38_F,B003275,2247,1072489.0
A11.MAA000560.3_10_M.1.1,oligodendrocyte precursor cell,Cortex,M,3_10_M,MAA000560,4116,1114433.0
A11.MAA000561.3_10_M.1.1,oligodendrocyte precursor cell,Cortex,M,3_10_M,MAA000561,4952,1648005.0
A11.MAA000564.3_10_M.1.1,neuron,Striatum,M,3_10_M,MAA000564,5950,537018.0
A11.MAA000902.3_11_M.1.1,oligodendrocyte,Striatum,M,3_11_M,MAA000902,2641,2214389.0
A11.MAA000926.3_9_M.1.1,endothelial cell,Cortex,M,3_9_M,MAA000926,4503,734941.0
A11.MAA000928.3_9_M.1.1,Bergmann glial cell,Cerebellum,M,3_9_M,MAA000928,4943,3478822.0
A11.MAA000930.3_8_M.1.1,oligodendrocyte,Cortex,M,3_8_M,MAA000930,2515,755745.0
A11.MAA000932.3_11_M.1.1,endothelial cell,Hippocampus,M,3_11_M,MAA000932,2890,558312.0
A11.MAA000942.3_8_M.1.1,neuron,Striatum,M,3_8_M,MAA000942,4776,274329.0
A11.MAA000944.3_9_M.1.1,astrocyte,Cortex,M,3_9_M,MAA000944,1888,903440.0
A12.B001688.3_38_F.1.1,oligodendrocyte precursor cell,Hippocampus,F,3_38_F,B001688,2292,1977682.0
A12.B003275.3_38_F.1.1,endothelial cell,Hippocampus,F,3_38_F,B003275,4375,1774211.0
A12.B003290.3_38_F.1.1,endothelial cell,Striatum,F,3_38_F,B003290,1246,278451.0
A12.MAA000560.3_10_M.1.1,oligodendrocyte,Cortex,M,3_10_M,MAA000560,2709,780875.0
A12.MAA000581.3_10_M.1.1,endothelial cell,Cerebellum,M,3_10_M,MAA000581,3381,513862.0
A12.MAA000615.3_10_M.1.1,neuron,Striatum,M,3_10_M,MAA000615,5083,1363968.0
A12.MAA000926.3_9_M.1.1,oligodendrocyte precursor cell,Cortex,M,3_9_M,MAA000926,4558,656428.0
A12.MAA000930.3_8_M.1.1,astrocyte,Cortex,M,3_8_M,MAA000930,3139,471522.0
A12.MAA000935.3_8_M.1.1,oligodendrocyte,Hippocampus,M,3_8_M,MAA000935,3274,2861391.0
A12.MAA000941.3_8_M.1.1,oligodendrocyte,Hippocampus,M,3_8_M,MAA000941,4710,1803359.0
A12.MAA000944.3_9_M.1.1,oligodendrocyte,Cortex,M,3_9_M,MAA000944,2845,2166127.0
A12.MAA001854.3_38_F.1.1,oligodendrocyte,Cerebellum,F,3_38_F,MAA001854,2638,2975128.0
A13.B003275.3_38_F.1.1,endothelial cell,Hippocampus,F,3_38_F,B003275,2775,1121827.0
A13.B003290.3_38_F.1.1,endothelial cell,Striatum,F,3_38_F,B003290,2236,277520.0
A13.MAA000424.3_11_M.1.1,neuron,Cerebellum,M,3_11_M,MAA000424,4325,842147.0
A13.MAA000560.3_10_M.1.1,astrocyte,Cortex,M,3_10_M,MAA000560,3738,1150074.0
A13.MAA000563.3_10_M.1.1,oligodendrocyte,Hippocampus,M,3_10_M,MAA000563,3941,349297.0
A13.MAA000615.3_10_M.1.1,neuron,Striatum,M,3_10_M,MAA000615,4527,1853615.0
A13.MAA000923.3_9_M.1.1,astrocyte,Hippocampus,M,3_9_M,MAA000923,2031,313502.0
A13.MAA000930.3_8_M.1.1,oligodendrocyte,Cortex,M,3_8_M,MAA000930,3186,315736.0
A13.MAA000941.3_8_M.1.1,endothelial cell,Hippocampus,M,3_8_M,MAA000941,2570,599417.0
A13.MAA000944.3_9_M.1.1,endothelial cell,Cortex,M,3_9_M,MAA000944,4428,1756804.0
A14.B003274.3_38_F.1.1,oligodendrocyte,Striatum,F,3_38_F,B003274,3178,1516991.0
A14.B003275.3_38_F.1.1,endothelial cell,Hippocampus,F,3_38_F,B003275,4383,1162948.0
A14.B003290.3_38_F.1.1,endothelial cell,Striatum,F,3_38_F,B003290,2256,976079.0
A14.B003728.3_56_F.1.1,oligodendrocyte,Striatum,F,3_56_F,B003728,3195,2921148.0
A14.MAA000560.3_10_M.1.1,oligodendrocyte,Cortex,M,3_10_M,MAA000560,5153,1650918.0
A14.MAA000561.3_10_M.1.1,neuron,Cortex,M,3_10_M,MAA000561,4956,1050556.0
A14.MAA000581.3_10_M.1.1,brain pericyte,Cerebellum,M,3_10_M,MAA000581,3099,320481.0
A14.MAA000926.3_9_M.1.1,oligodendrocyte,Cortex,M,3_9_M,MAA000926,3302,604907.0
A14.MAA000930.3_8_M.1.1,brain pericyte,Cortex,M,3_8_M,MAA000930,2933,962949.0
A14.MAA000942.3_8_M.1.1,neuron,Striatum,M,3_8_M,MAA000942,5939,377831.0
A14.MAA000944.3_9_M.1.1,oligodendrocyte,Cortex,M,3_9_M,MAA000944,1955,1131652.0
A14.MAA000947.3_9_M.1.1,brain pericyte,Hippocampus,M,3_9_M,MAA000947,2633,78645.0
A15.B003290.3_38_F.1.1,endothelial cell,Striatum,F,3_38_F,B003290,3301,654247.0
A15.MAA000560.3_10_M.1.1,astrocyte,Cortex,M,3_10_M,MAA000560,3295,1126541.0
A15.MAA000561.3_10_M.1.1,brain pericyte,Cortex,M,3_10_M,MAA000561,3284,1642939.0
A15.MAA000581.3_10_M.1.1,endothelial cell,Cerebellum,M,3_10_M,MAA000581,1694,322861.0
A15.MAA000930.3_8_M.1.1,endothelial cell,Cortex,M,3_8_M,MAA000930,3703,651449.0
A15.MAA000941.3_8_M.1.1,endothelial cell,Hippocampus,M,3_8_M,MAA000941,2022,650202.0
A15.MAA000942.3_8_M.1.1,neuron,Striatum,M,3_8_M,MAA000942,6757,463110.0
A15.MAA000944.3_9_M.1.1,astrocyte,Cortex,M,3_9_M,MAA000944,1626,1282555.0
A15.MAA001895.3_38_F.1.1,endothelial cell,Cortex,F,3_38_F,MAA001895,1923,80712.0
A16.B003275.3_38_F.1.1,oligodendrocyte,Hippocampus,F,3_38_F,B003275,1800,806942.0
A16.MAA000560.3_10_M.1.1,oligodendrocyte,Cortex,M,3_10_M,MAA000560,3184,1036900.0
A16.MAA000561.3_10_M.1.1,neuron,Cortex,M,3_10_M,MAA000561,4419,1216118.0
A16.MAA000564.3_10_M.1.1,oligodendrocyte precursor cell,Striatum,M,3_10_M,MAA000564,5219,1063863.0
A16.MAA000581.3_10_M.1.1,endothelial cell,Cerebellum,M,3_10_M,MAA000581,2419,1088960.0
A16.MAA000902.3_11_M.1.1,oligodendrocyte,Striatum,M,3_11_M,MAA000902,1037,586699.0
A16.MAA000930.3_8_M.1.1,astrocyte,Cortex,M,3_8_M,MAA000930,3251,525256.0
A16.MAA000932.3_11_M.1.1,endothelial cell,Hippocampus,M,3_11_M,MAA000932,3234,555307.0
A16.MAA000941.3_8_M.1.1,neuron,Hippocampus,M,3_8_M,MAA000941,3468,1064617.0
A16.MAA000942.3_8_M.1.1,neuron,Striatum,M,3_8_M,MAA000942,3012,170727.0
A16.MAA000944.3_9_M.1.1,neuron,Cortex,M,3_9_M,MAA000944,6531,1341693.0
A16.MAA001894.3_39_F.1.1,astrocyte,Cortex,F,3_39_F,MAA001894,1637,81376.0
A17.B003275.3_38_F.1.1,oligodendrocyte,Hippocampus,F,3_38_F,B003275,1794,630011.0
A17.B003290.3_38_F.1.1,neuron,Striatum,F,3_38_F,B003290,6173,685251.0
A17.MAA000560.3_10_M.1.1,astrocyte,Cortex,M,3_10_M,MAA000560,2819,612321.0
A17.MAA000561.3_10_M.1.1,neuron,Cortex,M,3_10_M,MAA000561,5058,1521448.0
A17.MAA000581.3_10_M.1.1,endothelial cell,Cerebellum,M,3_10_M,MAA000581,2658,1265626.0
A17.MAA001895.3_38_F.1.1,endothelial cell,Cortex,F,3_38_F,MAA001895,2485,83891.0
A18.MAA000560.3_10_M.1.1,oligodendrocyte,Cortex,M,3_10_M,MAA000560,3557,1001372.0
A18.MAA000561.3_10_M.1.1,neuron,Cortex,M,3_10_M,MAA000561,7057,1868580.0
A18.MAA000578.3_10_M.1.1,oligodendrocyte,Cerebellum,M,3_10_M,MAA000578,2940,965868.0
A18.MAA000581.3_10_M.1.1,endothelial cell,Cerebellum,M,3_10_M,MAA000581,3297,2181500.0
A18.MAA000926.3_9_M.1.1,oligodendrocyte,Cortex,M,3_9_M,MAA000926,3098,384561.0
A18.MAA000930.3_8_M.1.1,endothelial cell,Cortex,M,3_8_M,MAA000930,3211,273576.0
A18.MAA000932.3_11_M.1.1,oligodendrocyte,Hippocampus,M,3_11_M,MAA000932,2037,404463.0
A18.MAA000935.3_8_M.1.1,oligodendrocyte,Hippocampus,M,3_8_M,MAA000935,5806,4275098.0
A18.MAA000941.3_8_M.1.1,endothelial cell,Hippocampus,M,3_8_M,MAA000941,2426,839653.0
A18.MAA000942.3_8_M.1.1,oligodendrocyte,Striatum,M,3_8_M,MAA000942,4305,493645.0
A18.MAA000944.3_9_M.1.1,oligodendrocyte,Cortex,M,3_9_M,MAA000944,3755,1655911.0
A18.MAA001845.3_39_F.1.1,endothelial cell,Cerebellum,F,3_39_F,MAA001845,1786,143161.0
A19.B003275.3_38_F.1.1,endothelial cell,Hippocampus,F,3_38_F,B003275,3546,879191.0
A19.MAA000550.3_10_M.1.1,oligodendrocyte,Hippocampus,M,3_10_M,MAA000550,5833,4441001.0
A19.MAA000560.3_10_M.1.1,oligodendrocyte,Cortex,M,3_10_M,MAA000560,3735,1509181.0
A19.MAA000561.3_10_M.1.1,neuron,Cortex,M,3_10_M,MAA000561,5900,1487743.0
A19.MAA000581.3_10_M.1.1,brain pericyte,Cerebellum,M,3_10_M,MAA000581,3056,2682689.0
A19.MAA000926.3_9_M.1.1,astrocyte,Cortex,M,3_9_M,MAA000926,3106,516264.0
A19.MAA000930.3_8_M.1.1,astrocyte,Cortex,M,3_8_M,MAA000930,2182,136894.0
A2.B003290.3_38_F.1.1,endothelial cell,Striatum,F,3_38_F,B003290,3583,627298.0
A2.MAA000560.3_10_M.1.1,astrocyte,Cortex,M,3_10_M,MAA000560,1668,509034.0
A2.MAA000932.3_11_M.1.1,endothelial cell,Hippocampus,M,3_11_M,MAA000932,1931,347170.0
A2.MAA000935.3_8_M.1.1,oligodendrocyte,Hippocampus,M,3_8_M,MAA000935,3704,7518986.0
A2.MAA000941.3_8_M.1.1,endothelial cell,Hippocampus,M,3_8_M,MAA000941,2285,873984.0
A2.MAA000942.3_8_M.1.1,oligodendrocyte,Striatum,M,3_8_M,MAA000942,2628,200441.0
A20.B003274.3_38_F.1.1,oligodendrocyte,Striatum,F,3_38_F,B003274,1729,1212082.0
A20.B003275.3_38_F.1.1,endothelial cell,Hippocampus,F,3_38_F,B003275,1772,246405.0
A20.B003277.3_39_F.1.1,oligodendrocyte,Hippocampus,F,3_39_F,B003277,3596,7449789.0
A20.B003290.3_38_F.1.1,neuron,Striatum,F,3_38_F,B003290,4071,709688.0
A20.MAA000550.3_10_M.1.1,oligodendrocyte precursor cell,Hippocampus,M,3_10_M,MAA000550,4464,2633589.0
A20.MAA000560.3_10_M.1.1,oligodendrocyte,Cortex,M,3_10_M,MAA000560,4115,1414590.0
A20.MAA000561.3_10_M.1.1,brain pericyte,Cortex,M,3_10_M,MAA000561,3548,1128279.0
A20.MAA000564.3_10_M.1.1,endothelial cell,Striatum,M,3_10_M,MAA000564,4276,594984.0
A20.MAA000581.3_10_M.1.1,neuron,Cerebellum,M,3_10_M,MAA000581,3636,1920381.0
A20.MAA000926.3_9_M.1.1,brain pericyte,Cortex,M,3_9_M,MAA000926,4454,591863.0
A20.MAA000944.3_9_M.1.1,neuron,Cortex,M,3_9_M,MAA000944,4443,2086936.0
A20.MAA000947.3_9_M.1.1,oligodendrocyte precursor cell,Hippocampus,M,3_9_M,MAA000947,3621,65990.0
A21.B003275.3_38_F.1.1,endothelial cell,Hippocampus,F,3_38_F,B003275,3654,1089887.0
A21.B003277.3_39_F.1.1,oligodendrocyte,Hippocampus,F,3_39_F,B003277,3391,9837359.0
A21.B003290.3_38_F.1.1,oligodendrocyte,Striatum,F,3_38_F,B003290,1821,362181.0
A21.MAA000424.3_11_M.1.1,endothelial cell,Cerebellum,M,3_11_M,MAA000424,6124,2040610.0
A21.MAA000560.3_10_M.1.1,astrocyte,Cortex,M,3_10_M,MAA000560,3390,1103348.0
A21.MAA000561.3_10_M.1.1,neuron,Cortex,M,3_10_M,MAA000561,6187,1384642.0
A21.MAA000581.3_10_M.1.1,endothelial cell,Cerebellum,M,3_10_M,MAA000581,3433,2502525.0
A21.MAA000925.3_9_M.1.1,oligodendrocyte,Striatum,M,3_9_M,MAA000925,3139,907493.0
A21.MAA000926.3_9_M.1.1,astrocyte,Cortex,M,3_9_M,MAA000926,1879,200474.0
A21.MAA000930.3_8_M.1.1,astrocyte,Cortex,M,3_8_M,MAA000930,4790,566724.0
A21.MAA000944.3_9_M.1.1,endothelial cell,Cortex,M,3_9_M,MAA000944,2749,1461436.0
A21.MAA001894.3_39_F.1.1,oligodendrocyte,Cortex,F,3_39_F,MAA001894,1701,111905.0
A21.MAA001895.3_38_F.1.1,oligodendrocyte,Cortex,F,3_38_F,MAA001895,1836,56405.0
A22.B003275.3_38_F.1.1,endothelial cell,Hippocampus,F,3_38_F,B003275,5399,1772432.0
A22.MAA000424.3_11_M.1.1,endothelial cell,Cerebellum,M,3_11_M,MAA000424,2689,763141.0
A22.MAA000560.3_10_M.1.1,astrocyte,Cortex,M,3_10_M,MAA000560,2096,268591.0
A22.MAA000561.3_10_M.1.1,endothelial cell,Cortex,M,3_10_M,MAA000561,6003,1639467.0
A22.MAA000564.3_10_M.1.1,oligodendrocyte,Striatum,M,3_10_M,MAA000564,2548,637728.0
A22.MAA000581.3_10_M.1.1,endothelial cell,Cerebellum,M,3_10_M,MAA000581,1942,1911939.0
A22.MAA000641.3_9_M.1.1,oligodendrocyte,Cerebellum,M,3_9_M,MAA000641,4958,4781596.0
A22.MAA000923.3_9_M.1.1,oligodendrocyte,Hippocampus,M,3_9_M,MAA000923,2598,501238.0
A22.MAA000926.3_9_M.1.1,oligodendrocyte,Cortex,M,3_9_M,MAA000926,3682,828794.0
A22.MAA000935.3_8_M.1.1,astrocyte,Hippocampus,M,3_8_M,MAA000935,1832,295293.0
A22.MAA000940.3_8_M.1.1,oligodendrocyte,Striatum,M,3_8_M,MAA000940,3308,158648.0
A22.MAA001895.3_38_F.1.1,brain pericyte,Cortex,F,3_38_F,MAA001895,3001,105029.0
A3.B003290.3_38_F.1.1,endothelial cell,Striatum,F,3_38_F,B003290,3295,555654.0
A3.MAA000560.3_10_M.1.1,oligodendrocyte precursor cell,Cortex,M,3_10_M,MAA000560,4393,1037247.0
A3.MAA000564.3_10_M.1.1,brain pericyte,Striatum,M,3_10_M,MAA000564,3194,509258.0
A3.MAA000615.3_10_M.1.1,oligodendrocyte,Striatum,M,3_10_M,MAA000615,2401,195802.0
A3.MAA000928.3_9_M.1.1,Bergmann glial cell,Cerebellum,M,3_9_M,MAA000928,3302,263737.0
A3.MAA000930.3_8_M.1.1,oligodendrocyte,Cortex,M,3_8_M,MAA000930,3252,1317341.0
A3.MAA000932.3_11_M.1.1,endothelial cell,Hippocampus,M,3_11_M,MAA000932,2217,488727.0
A3.MAA000944.3_9_M.1.1,astrocyte,Cortex,M,3_9_M,MAA000944,2664,1833167.0
A3.MAA001854.3_38_F.1.1,oligodendrocyte,Cerebellum,F,3_38_F,MAA001854,2484,4044240.0
A3.MAA001894.3_39_F.1.1,oligodendrocyte,Cortex,F,3_39_F,MAA001894,5615,586172.0
A3.MAA001895.3_38_F.1.1,brain pericyte,Cortex,F,3_38_F,MAA001895,1805,83289.0
A4.B003290.3_38_F.1.1,endothelial cell,Striatum,F,3_38_F,B003290,1837,372643.0
A4.MAA000560.3_10_M.1.1,oligodendrocyte precursor cell,Cortex,M,3_10_M,MAA000560,3671,1059403.0
A4.MAA000563.3_10_M.1.1,oligodendrocyte precursor cell,Hippocampus,M,3_10_M,MAA000563,3447,1194168.0
A4.MAA000578.3_10_M.1.1,neuron,Cerebellum,M,3_10_M,MAA000578,1976,250989.0
A4.MAA000615.3_10_M.1.1,oligodendrocyte,Striatum,M,3_10_M,MAA000615,3966,740122.0
A4.MAA000902.3_11_M.1.1,oligodendrocyte,Striatum,M,3_11_M,MAA000902,2633,2105596.0
A4.MAA000932.3_11_M.1.1,endothelial cell,Hippocampus,M,3_11_M,MAA000932,4212,798828.0
A4.MAA000942.3_8_M.1.1,endothelial cell,Striatum,M,3_8_M,MAA000942,2353,139767.0
A4.MAA000944.3_9_M.1.1,oligodendrocyte,Cortex,M,3_9_M,MAA000944,5236,2035265.0
A4.MAA001894.3_39_F.1.1,astrocyte,Cortex,F,3_39_F,MAA001894,2800,175809.0
A4.MAA001895.3_38_F.1.1,endothelial cell,Cortex,F,3_38_F,MAA001895,3192,179519.0
A5.B003290.3_38_F.1.1,endothelial cell,Striatum,F,3_38_F,B003290,3176,521504.0
A5.MAA000424.3_11_M.1.1,Bergmann glial cell,Cerebellum,M,3_11_M,MAA000424,2969,388870.0
A5.MAA000560.3_10_M.1.1,astrocyte,Cortex,M,3_10_M,MAA000560,1751,474286.0
A5.MAA000581.3_10_M.1.1,endothelial cell,Cerebellum,M,3_10_M,MAA000581,2595,580903.0
A5.MAA000923.3_9_M.1.1,oligodendrocyte,Hippocampus,M,3_9_M,MAA000923,3010,528613.0
A5.MAA000926.3_9_M.1.1,oligodendrocyte,Cortex,M,3_9_M,MAA000926,4504,2155052.0
A5.MAA000932.3_11_M.1.1,endothelial cell,Hippocampus,M,3_11_M,MAA000932,2178,328376.0
A5.MAA000941.3_8_M.1.1,astrocyte,Hippocampus,M,3_8_M,MAA000941,2116,840350.0
A5.MAA001845.3_39_F.1.1,endothelial cell,Cerebellum,F,3_39_F,MAA001845,1812,188331.0
A5.MAA001895.3_38_F.1.1,endothelial cell,Cortex,F,3_38_F,MAA001895,1589,56590.0
A6.B003290.3_38_F.1.1,endothelial cell,Striatum,F,3_38_F,B003290,3195,775204.0
A6.MAA000550.3_10_M.1.1,oligodendrocyte,Hippocampus,M,3_10_M,MAA000550,3268,2988466.0
A6.MAA000560.3_10_M.1.1,astrocyte,Cortex,M,3_10_M,MAA000560,3743,1218741.0
A6.MAA000930.3_8_M.1.1,astrocyte,Cortex,M,3_8_M,MAA000930,5655,2028684.0
A6.MAA000932.3_11_M.1.1,endothelial cell,Hippocampus,M,3_11_M,MAA000932,2321,379638.0
A6.MAA000935.3_8_M.1.1,oligodendrocyte,Hippocampus,M,3_8_M,MAA000935,5466,9622991.0
A6.MAA000942.3_8_M.1.1,neuron,Striatum,M,3_8_M,MAA000942,6725,474654.0
A6.MAA000944.3_9_M.1.1,oligodendrocyte,Cortex,M,3_9_M,MAA000944,820,755544.0
A6.MAA001895.3_38_F.1.1,endothelial cell,Cortex,F,3_38_F,MAA001895,2276,131632.0
A7.B003275.3_38_F.1.1,endothelial cell,Hippocampus,F,3_38_F,B003275,3001,2182133.0
A7.MAA000424.3_11_M.1.1,endothelial cell,Cerebellum,M,3_11_M,MAA000424,3418,992873.0
A7.MAA000560.3_10_M.1.1,oligodendrocyte,Cortex,M,3_10_M,MAA000560,5910,3060249.0
A7.MAA000564.3_10_M.1.1,oligodendrocyte,Striatum,M,3_10_M,MAA000564,3104,468081.0
A7.MAA000615.3_10_M.1.1,oligodendrocyte,Striatum,M,3_10_M,MAA000615,2504,257585.0
A7.MAA000926.3_9_M.1.1,oligodendrocyte,Cortex,M,3_9_M,MAA000926,3951,635570.0
A7.MAA000928.3_9_M.1.1,oligodendrocyte,Cerebellum,M,3_9_M,MAA000928,3148,2185848.0
A7.MAA000930.3_8_M.1.1,oligodendrocyte,Cortex,M,3_8_M,MAA000930,3676,1249104.0
A7.MAA000932.3_11_M.1.1,oligodendrocyte precursor cell,Hippocampus,M,3_11_M,MAA000932,3447,394478.0
A7.MAA000935.3_8_M.1.1,oligodendrocyte,Hippocampus,M,3_8_M,MAA000935,3368,2841048.0
A7.MAA000940.3_8_M.1.1,neuron,Striatum,M,3_8_M,MAA000940,4820,95481.0
A7.MAA000942.3_8_M.1.1,oligodendrocyte,Striatum,M,3_8_M,MAA000942,3426,335345.0
A7.MAA000944.3_9_M.1.1,astrocyte,Cortex,M,3_9_M,MAA000944,2704,1623283.0
A7.MAA000947.3_9_M.1.1,oligodendrocyte,Hippocampus,M,3_9_M,MAA000947,3637,2943289.0
A7.MAA001894.3_39_F.1.1,oligodendrocyte precursor cell,Cortex,F,3_39_F,MAA001894,1694,77268.0
A8.B003277.3_39_F.1.1,oligodendrocyte,Hippocampus,F,3_39_F,B003277,3203,3434113.0
A8.B003290.3_38_F.1.1,endothelial cell,Striatum,F,3_38_F,B003290,2655,382122.0
A8.MAA000560.3_10_M.1.1,astrocyte,Cortex,M,3_10_M,MAA000560,882,185859.0
A8.MAA000615.3_10_M.1.1,oligodendrocyte precursor cell,Striatum,M,3_10_M,MAA000615,4067,564318.0
A8.MAA000926.3_9_M.1.1,oligodendrocyte,Cortex,M,3_9_M,MAA000926,4776,1317518.0
A8.MAA000928.3_9_M.1.1,oligodendrocyte,Cerebellum,M,3_9_M,MAA000928,5349,3271729.0
A8.MAA000930.3_8_M.1.1,oligodendrocyte,Cortex,M,3_8_M,MAA000930,3854,1425133.0
A8.MAA000932.3_11_M.1.1,endothelial cell,Hippocampus,M,3_11_M,MAA000932,2009,264261.0
A8.MAA000942.3_8_M.1.1,oligodendrocyte,Striatum,M,3_8_M,MAA000942,4809,497888.0
A8.MAA000944.3_9_M.1.1,oligodendrocyte,Cortex,M,3_9_M,MAA000944,3019,2186230.0
A8.MAA001845.3_39_F.1.1,endothelial cell,Cerebellum,F,3_39_F,MAA001845,1897,209343.0
A8.MAA001895.3_38_F.1.1,endothelial cell,Cortex,F,3_38_F,MAA001895,2295,86318.0
A9.B003275.3_38_F.1.1,endothelial cell,Hippocampus,F,3_38_F,B003275,2970,646641.0
A9.B003290.3_38_F.1.1,endothelial cell,Striatum,F,3_38_F,B003290,1581,235711.0
A9.MAA000550.3_10_M.1.1,oligodendrocyte,Hippocampus,M,3_10_M,MAA000550,4354,4180172.0
A9.MAA000560.3_10_M.1.1,astrocyte,Cortex,M,3_10_M,MAA000560,2960,1239083.0
A9.MAA000923.3_9_M.1.1,oligodendrocyte,Hippocampus,M,3_9_M,MAA000923,2876,707082.0
A9.MAA000930.3_8_M.1.1,astrocyte,Cortex,M,3_8_M,MAA000930,3599,1315762.0
A9.MAA000941.3_8_M.1.1,oligodendrocyte,Hippocampus,M,3_8_M,MAA000941,3800,1285287.0
A9.MAA000942.3_8_M.1.1,oligodendrocyte,Striatum,M,3_8_M,MAA000942,3304,368791.0
A9.MAA000944.3_9_M.1.1,astrocyte,Cortex,M,3_9_M,MAA000944,1245,1475513.0
A9.MAA000947.3_9_M.1.1,oligodendrocyte,Hippocampus,M,3_9_M,MAA000947,5133,3916393.0
A9.MAA001894.3_39_F.1.1,astrocyte,Cortex,F,3_39_F,MAA001894,1313,107441.0
A9.MAA001895.3_38_F.1.1,endothelial cell,Cortex,F,3_38_F,MAA001895,2638,93892.0
B1.B003290.3_38_F.1.1,endothelial cell,Striatum,F,3_38_F,B003290,1782,349385.0
B1.MAA000560.3_10_M.1.1,oligodendrocyte,Cortex,M,3_10_M,MAA000560,3236,571483.0
B1.MAA000923.3_9_M.1.1,oligodendrocyte,Hippocampus,M,3_9_M,MAA000923,3412,910302.0
B1.MAA000930.3_8_M.1.1,oligodendrocyte,Cortex,M,3_8_M,MAA000930,2559,1714758.0
B1.MAA000932.3_11_M.1.1,endothelial cell,Hippocampus,M,3_11_M,MAA000932,2002,441033.0
B1.MAA000940.3_8_M.1.1,neuron,Striatum,M,3_8_M,MAA000940,4891,125462.0
B1.MAA001845.3_39_F.1.1,endothelial cell,Cerebellum,F,3_39_F,MAA001845,2136,124714.0
B1.MAA001894.3_39_F.1.1,oligodendrocyte,Cortex,F,3_39_F,MAA001894,3307,673399.0
B1.MAA001895.3_38_F.1.1,endothelial cell,Cortex,F,3_38_F,MAA001895,2441,92929.0
B10.B003275.3_38_F.1.1,endothelial cell,Hippocampus,F,3_38_F,B003275,1357,598030.0
B10.B003290.3_38_F.1.1,endothelial cell,Striatum,F,3_38_F,B003290,3635,896658.0
B10.MAA000553.3_10_M.1.1,endothelial cell,Hippocampus,M,3_10_M,MAA000553,4952,2724136.0
B10.MAA000560.3_10_M.1.1,oligodendrocyte,Cortex,M,3_10_M,MAA000560,2828,694328.0
B10.MAA000563.3_10_M.1.1,oligodendrocyte,Hippocampus,M,3_10_M,MAA000563,2673,369216.0
B10.MAA000615.3_10_M.1.1,astrocyte,Striatum,M,3_10_M,MAA000615,2809,1327140.0
B10.MAA000902.3_11_M.1.1,oligodendrocyte precursor cell,Striatum,M,3_11_M,MAA000902,4248,2219006.0
B10.MAA000923.3_9_M.1.1,oligodendrocyte,Hippocampus,M,3_9_M,MAA000923,2728,539166.0
B10.MAA001854.3_38_F.1.1,astrocyte,Cerebellum,F,3_38_F,MAA001854,2825,354742.0
B10.MAA001894.3_39_F.1.1,oligodendrocyte,Cortex,F,3_39_F,MAA001894,2679,331653.0
B11.B003275.3_38_F.1.1,endothelial cell,Hippocampus,F,3_38_F,B003275,1470,588986.0
B11.B003290.3_38_F.1.1,endothelial cell,Striatum,F,3_38_F,B003290,2160,603944.0
B11.MAA000560.3_10_M.1.1,astrocyte,Cortex,M,3_10_M,MAA000560,2913,926715.0
B11.MAA000564.3_10_M.1.1,neuron,Striatum,M,3_10_M,MAA000564,4242,547716.0
B11.MAA000581.3_10_M.1.1,endothelial cell,Cerebellum,M,3_10_M,MAA000581,2376,288256.0
B11.MAA000615.3_10_M.1.1,oligodendrocyte,Striatum,M,3_10_M,MAA000615,5337,3372059.0
B11.MAA000923.3_9_M.1.1,oligodendrocyte precursor cell,Hippocampus,M,3_9_M,MAA000923,4911,891915.0
B11.MAA000926.3_9_M.1.1,astrocyte,Cortex,M,3_9_M,MAA000926,3690,513118.0
B11.MAA000932.3_11_M.1.1,endothelial cell,Hippocampus,M,3_11_M,MAA000932,3399,620018.0
B11.MAA000935.3_8_M.1.1,oligodendrocyte,Hippocampus,M,3_8_M,MAA000935,3610,780480.0
B11.MAA000940.3_8_M.1.1,oligodendrocyte,Striatum,M,3_8_M,MAA000940,4078,228630.0
B11.MAA000941.3_8_M.1.1,neuron,Hippocampus,M,3_8_M,MAA000941,4835,1211737.0
B11.MAA001845.3_39_F.1.1,endothelial cell,Cerebellum,F,3_39_F,MAA001845,1881,163445.0
B11.MAA001895.3_38_F.1.1,endothelial cell,Cortex,F,3_38_F,MAA001895,3136,142406.0
B12.B003275.3_38_F.1.1,endothelial cell,Hippocampus,F,3_38_F,B003275,1948,569186.0
B12.B003290.3_38_F.1.1,endothelial cell,Striatum,F,3_38_F,B003290,1980,1466863.0
B12.B003728.3_56_F.1.1,oligodendrocyte,Striatum,F,3_56_F,B003728,5668,2047258.0
B12.MAA000563.3_10_M.1.1,oligodendrocyte,Hippocampus,M,3_10_M,MAA000563,3363,461196.0
B12.MAA000564.3_10_M.1.1,astrocyte,Striatum,M,3_10_M,MAA000564,2543,393977.0
B12.MAA000581.3_10_M.1.1,neuron,Cerebellum,M,3_10_M,MAA000581,3925,375335.0
B12.MAA000615.3_10_M.1.1,neuron,Striatum,M,3_10_M,MAA000615,4555,2151628.0
B12.MAA000923.3_9_M.1.1,oligodendrocyte precursor cell,Hippocampus,M,3_9_M,MAA000923,4299,762901.0
B12.MAA000926.3_9_M.1.1,endothelial cell,Cortex,M,3_9_M,MAA000926,3515,512624.0
B12.MAA000941.3_8_M.1.1,endothelial cell,Hippocampus,M,3_8_M,MAA000941,2502,575397.0
B12.MAA000944.3_9_M.1.1,neuron,Cortex,M,3_9_M,MAA000944,8317,779684.0
B12.MAA001845.3_39_F.1.1,brain pericyte,Cerebellum,F,3_39_F,MAA001845,2125,229530.0
B13.B003275.3_38_F.1.1,endothelial cell,Hippocampus,F,3_38_F,B003275,3223,1102510.0
B13.B003290.3_38_F.1.1,oligodendrocyte,Striatum,F,3_38_F,B003290,1924,1123582.0
B13.MAA000561.3_10_M.1.1,brain pericyte,Cortex,M,3_10_M,MAA000561,3605,2774939.0
B13.MAA000581.3_10_M.1.1,endothelial cell,Cerebellum,M,3_10_M,MAA000581,2919,460189.0
B13.MAA000615.3_10_M.1.1,neuron,Striatum,M,3_10_M,MAA000615,3060,1528749.0
B13.MAA000641.3_9_M.1.1,neuron,Cerebellum,M,3_9_M,MAA000641,6464,2565620.0
B13.MAA000923.3_9_M.1.1,oligodendrocyte,Hippocampus,M,3_9_M,MAA000923,3758,1161646.0
B13.MAA000926.3_9_M.1.1,oligodendrocyte,Cortex,M,3_9_M,MAA000926,3344,610620.0
B13.MAA000928.3_9_M.1.1,Bergmann glial cell,Cerebellum,M,3_9_M,MAA000928,5335,4398139.0
B13.MAA000941.3_8_M.1.1,oligodendrocyte precursor cell,Hippocampus,M,3_8_M,MAA000941,4005,755665.0
B14.B003275.3_38_F.1.1,endothelial cell,Hippocampus,F,3_38_F,B003275,2937,827538.0
B14.B003290.3_38_F.1.1,endothelial cell,Striatum,F,3_38_F,B003290,2101,464352.0
B14.MAA000581.3_10_M.1.1,endothelial cell,Cerebellum,M,3_10_M,MAA000581,2008,291866.0
B14.MAA000926.3_9_M.1.1,oligodendrocyte,Cortex,M,3_9_M,MAA000926,3112,724841.0
B14.MAA000944.3_9_M.1.1,oligodendrocyte precursor cell,Cortex,M,3_9_M,MAA000944,4789,1732317.0
B14.MAA001845.3_39_F.1.1,endothelial cell,Cerebellum,F,3_39_F,MAA001845,2541,209894.0
B15.B003274.3_38_F.1.1,astrocyte,Striatum,F,3_38_F,B003274,1891,974916.0
B15.B003275.3_38_F.1.1,endothelial cell,Hippocampus,F,3_38_F,B003275,3309,800619.0
B15.B003290.3_38_F.1.1,endothelial cell,Striatum,F,3_38_F,B003290,2038,667600.0
B15.MAA000560.3_10_M.1.1,oligodendrocyte,Cortex,M,3_10_M,MAA000560,2582,875272.0
B15.MAA000581.3_10_M.1.1,endothelial cell,Cerebellum,M,3_10_M,MAA000581,2132,418865.0
B15.MAA000902.3_11_M.1.1,oligodendrocyte,Striatum,M,3_11_M,MAA000902,4263,4466639.0
B15.MAA000926.3_9_M.1.1,astrocyte,Cortex,M,3_9_M,MAA000926,5539,818052.0
B15.MAA000935.3_8_M.1.1,oligodendrocyte,Hippocampus,M,3_8_M,MAA000935,3334,729063.0
B15.MAA000941.3_8_M.1.1,oligodendrocyte precursor cell,Hippocampus,M,3_8_M,MAA000941,4416,377044.0
B15.MAA000942.3_8_M.1.1,oligodendrocyte,Striatum,M,3_8_M,MAA000942,2894,296459.0
B15.MAA000944.3_9_M.1.1,oligodendrocyte,Cortex,M,3_9_M,MAA000944,3123,1775127.0
B16.B000621.3_56_F.1.1,oligodendrocyte,Hippocampus,F,3_56_F,B000621,3616,567675.0
B16.B003290.3_38_F.1.1,neuron,Striatum,F,3_38_F,B003290,5525,1080298.0
B16.MAA000560.3_10_M.1.1,oligodendrocyte,Cortex,M,3_10_M,MAA000560,3171,1335390.0
B16.MAA000561.3_10_M.1.1,brain pericyte,Cortex,M,3_10_M,MAA000561,3928,1283433.0
B16.MAA000581.3_10_M.1.1,neuron,Cerebellum,M,3_10_M,MAA000581,4050,1021056.0
B16.MAA000923.3_9_M.1.1,oligodendrocyte,Hippocampus,M,3_9_M,MAA000923,3308,733573.0
B16.MAA000942.3_8_M.1.1,oligodendrocyte,Striatum,M,3_8_M,MAA000942,3224,299597.0
B17.B003275.3_38_F.1.1,endothelial cell,Hippocampus,F,3_38_F,B003275,2802,888939.0
B17.MAA000560.3_10_M.1.1,oligodendrocyte,Cortex,M,3_10_M,MAA000560,2853,1137216.0
B17.MAA000561.3_10_M.1.1,endothelial cell,Cortex,M,3_10_M,MAA000561,3792,1737934.0
B17.MAA000581.3_10_M.1.1,brain pericyte,Cerebellum,M,3_10_M,MAA000581,2917,1697218.0
B17.MAA000641.3_9_M.1.1,Bergmann glial cell,Cerebellum,M,3_9_M,MAA000641,5043,5568481.0
B17.MAA000902.3_11_M.1.1,oligodendrocyte,Striatum,M,3_11_M,MAA000902,2745,2157725.0
B17.MAA000926.3_9_M.1.1,oligodendrocyte,Cortex,M,3_9_M,MAA000926,3262,540348.0
B17.MAA000935.3_8_M.1.1,oligodendrocyte,Hippocampus,M,3_8_M,MAA000935,3080,1385435.0
B17.MAA000941.3_8_M.1.1,oligodendrocyte,Hippocampus,M,3_8_M,MAA000941,2962,511881.0
B17.MAA000942.3_8_M.1.1,oligodendrocyte,Striatum,M,3_8_M,MAA000942,3159,289883.0
B17.MAA000944.3_9_M.1.1,oligodendrocyte,Cortex,M,3_9_M,MAA000944,3037,1782040.0
B17.MAA001894.3_39_F.1.1,oligodendrocyte,Cortex,F,3_39_F,MAA001894,1261,114135.0
B18.B003275.3_38_F.1.1,brain pericyte,Hippocampus,F,3_38_F,B003275,4259,1055617.0
B18.MAA000560.3_10_M.1.1,oligodendrocyte precursor cell,Cortex,M,3_10_M,MAA000560,5580,1998692.0
B18.MAA000561.3_10_M.1.1,brain pericyte,Cortex,M,3_10_M,MAA000561,4332,1359814.0
B18.MAA000564.3_10_M.1.1,oligodendrocyte,Striatum,M,3_10_M,MAA000564,2359,494039.0
B18.MAA000581.3_10_M.1.1,brain pericyte,Cerebellum,M,3_10_M,MAA000581,3367,1860662.0
B18.MAA000925.3_9_M.1.1,neuron,Striatum,M,3_9_M,MAA000925,5302,534290.0
B18.MAA000926.3_9_M.1.1,oligodendrocyte,Cortex,M,3_9_M,MAA000926,3571,649765.0
B18.MAA000942.3_8_M.1.1,oligodendrocyte,Striatum,M,3_8_M,MAA000942,3213,348723.0
B18.MAA000944.3_9_M.1.1,endothelial cell,Cortex,M,3_9_M,MAA000944,3211,1786767.0
B19.B003275.3_38_F.1.1,endothelial cell,Hippocampus,F,3_38_F,B003275,4909,1639198.0
B19.B003728.3_56_F.1.1,astrocyte,Striatum,F,3_56_F,B003728,3686,5290373.0
B19.MAA000424.3_11_M.1.1,endothelial cell,Cerebellum,M,3_11_M,MAA000424,1864,584721.0
B19.MAA000550.3_10_M.1.1,oligodendrocyte,Hippocampus,M,3_10_M,MAA000550,3172,3204312.0
B19.MAA000560.3_10_M.1.1,astrocyte,Cortex,M,3_10_M,MAA000560,2636,677551.0
B19.MAA000561.3_10_M.1.1,brain pericyte,Cortex,M,3_10_M,MAA000561,3193,1546049.0
B19.MAA000564.3_10_M.1.1,oligodendrocyte,Striatum,M,3_10_M,MAA000564,4960,1055509.0
B19.MAA000581.3_10_M.1.1,brain pericyte,Cerebellum,M,3_10_M,MAA000581,2884,2026426.0
B19.MAA000923.3_9_M.1.1,oligodendrocyte,Hippocampus,M,3_9_M,MAA000923,2830,706947.0
B19.MAA000926.3_9_M.1.1,oligodendrocyte,Cortex,M,3_9_M,MAA000926,3550,656091.0
B19.MAA000932.3_11_M.1.1,oligodendrocyte precursor cell,Hippocampus,M,3_11_M,MAA000932,4393,900068.0
B19.MAA000935.3_8_M.1.1,oligodendrocyte,Hippocampus,M,3_8_M,MAA000935,3162,873311.0
B19.MAA000944.3_9_M.1.1,astrocyte,Cortex,M,3_9_M,MAA000944,877,1254933.0
B19.MAA001894.3_39_F.1.1,oligodendrocyte,Cortex,F,3_39_F,MAA001894,3476,396780.0
B2.B003290.3_38_F.1.1,endothelial cell,Striatum,F,3_38_F,B003290,2139,483068.0
B2.MAA000560.3_10_M.1.1,oligodendrocyte,Cortex,M,3_10_M,MAA000560,2814,995243.0
B2.MAA000930.3_8_M.1.1,astrocyte,Cortex,M,3_8_M,MAA000930,1089,959088.0
B2.MAA000932.3_11_M.1.1,endothelial cell,Hippocampus,M,3_11_M,MAA000932,2565,457165.0
B2.MAA000935.3_8_M.1.1,oligodendrocyte,Hippocampus,M,3_8_M,MAA000935,1890,1023084.0
B2.MAA000941.3_8_M.1.1,oligodendrocyte,Hippocampus,M,3_8_M,MAA000941,3525,1539711.0
B2.MAA000942.3_8_M.1.1,oligodendrocyte,Striatum,M,3_8_M,MAA000942,2480,252456.0
B2.MAA001854.3_38_F.1.1,neuron,Cerebellum,F,3_38_F,MAA001854,3565,1476744.0
B2.MAA001895.3_38_F.1.1,endothelial cell,Cortex,F,3_38_F,MAA001895,1794,54686.0
B20.B003274.3_38_F.1.1,oligodendrocyte,Striatum,F,3_38_F,B003274,1555,1272604.0
B20.B003275.3_38_F.1.1,endothelial cell,Hippocampus,F,3_38_F,B003275,3854,1064520.0
B20.B003290.3_38_F.1.1,endothelial cell,Striatum,F,3_38_F,B003290,2973,315723.0
B20.B003728.3_56_F.1.1,oligodendrocyte,Striatum,F,3_56_F,B003728,2306,2301094.0
B20.MAA000424.3_11_M.1.1,endothelial cell,Cerebellum,M,3_11_M,MAA000424,3233,1227976.0
B20.MAA000561.3_10_M.1.1,brain pericyte,Cortex,M,3_10_M,MAA000561,3809,1508795.0
B20.MAA000564.3_10_M.1.1,endothelial cell,Striatum,M,3_10_M,MAA000564,2097,258652.0
B20.MAA000581.3_10_M.1.1,brain pericyte,Cerebellum,M,3_10_M,MAA000581,2719,1569163.0
B20.MAA000925.3_9_M.1.1,neuron,Striatum,M,3_9_M,MAA000925,5731,618336.0
B20.MAA000930.3_8_M.1.1,endothelial cell,Cortex,M,3_8_M,MAA000930,3714,351241.0
B20.MAA000932.3_11_M.1.1,endothelial cell,Hippocampus,M,3_11_M,MAA000932,1294,351315.0
B20.MAA000944.3_9_M.1.1,astrocyte,Cortex,M,3_9_M,MAA000944,3045,1055610.0
B20.MAA001895.3_38_F.1.1,oligodendrocyte,Cortex,F,3_38_F,MAA001895,2568,103207.0
B21.B003290.3_38_F.1.1,neuron,Striatum,F,3_38_F,B003290,3532,775086.0
B21.MAA000560.3_10_M.1.1,neuron,Cortex,M,3_10_M,MAA000560,4896,1487628.0
B21.MAA000581.3_10_M.1.1,neuron,Cerebellum,M,3_10_M,MAA000581,2847,2071568.0
B21.MAA000925.3_9_M.1.1,astrocyte,Striatum,M,3_9_M,MAA000925,1585,100828.0
B21.MAA000926.3_9_M.1.1,oligodendrocyte,Cortex,M,3_9_M,MAA000926,3353,640588.0
B21.MAA000930.3_8_M.1.1,astrocyte,Cortex,M,3_8_M,MAA000930,2102,153821.0
B21.MAA000941.3_8_M.1.1,oligodendrocyte,Hippocampus,M,3_8_M,MAA000941,3118,227731.0
B21.MAA000944.3_9_M.1.1,oligodendrocyte,Cortex,M,3_9_M,MAA000944,3503,2352668.0
B22.B003275.3_38_F.1.1,endothelial cell,Hippocampus,F,3_38_F,B003275,2869,792711.0
B22.B003290.3_38_F.1.1,neuron,Striatum,F,3_38_F,B003290,3609,384456.0
B22.B003728.3_56_F.1.1,astrocyte,Striatum,F,3_56_F,B003728,2261,5089885.0
B22.MAA000564.3_10_M.1.1,oligodendrocyte,Striatum,M,3_10_M,MAA000564,2578,577386.0
B22.MAA000581.3_10_M.1.1,endothelial cell,Cerebellum,M,3_10_M,MAA000581,2239,2119819.0
B22.MAA000925.3_9_M.1.1,astrocyte,Striatum,M,3_9_M,MAA000925,1009,111872.0
B22.MAA000926.3_9_M.1.1,oligodendrocyte,Cortex,M,3_9_M,MAA000926,3425,677658.0
B22.MAA000930.3_8_M.1.1,oligodendrocyte,Cortex,M,3_8_M,MAA000930,4233,669725.0
B22.MAA000932.3_11_M.1.1,oligodendrocyte,Hippocampus,M,3_11_M,MAA000932,2909,586114.0
B22.MAA000935.3_8_M.1.1,astrocyte,Hippocampus,M,3_8_M,MAA000935,2417,928103.0
B22.MAA000940.3_8_M.1.1,oligodendrocyte,Striatum,M,3_8_M,MAA000940,3050,119338.0
B22.MAA000944.3_9_M.1.1,endothelial cell,Cortex,M,3_9_M,MAA000944,2607,1742272.0
B22.MAA001895.3_38_F.1.1,oligodendrocyte,Cortex,F,3_38_F,MAA001895,1468,54137.0
B3.MAA000550.3_10_M.1.1,oligodendrocyte,Hippocampus,M,3_10_M,MAA000550,4134,4052919.0
B3.MAA000560.3_10_M.1.1,astrocyte,Cortex,M,3_10_M,MAA000560,3276,914419.0
B3.MAA000564.3_10_M.1.1,oligodendrocyte,Striatum,M,3_10_M,MAA000564,3548,757810.0
B3.MAA000581.3_10_M.1.1,oligodendrocyte,Cerebellum,M,3_10_M,MAA000581,2982,977681.0
B3.MAA000930.3_8_M.1.1,endothelial cell,Cortex,M,3_8_M,MAA000930,1692,273150.0
B3.MAA000935.3_8_M.1.1,astrocyte,Hippocampus,M,3_8_M,MAA000935,4272,813492.0
B3.MAA001894.3_39_F.1.1,oligodendrocyte,Cortex,F,3_39_F,MAA001894,3393,349486.0
B3.MAA001895.3_38_F.1.1,brain pericyte,Cortex,F,3_38_F,MAA001895,2200,109974.0
B4.B003275.3_38_F.1.1,brain pericyte,Hippocampus,F,3_38_F,B003275,3212,2183150.0
B4.B003290.3_38_F.1.1,endothelial cell,Striatum,F,3_38_F,B003290,2275,502319.0
B4.MAA000560.3_10_M.1.1,endothelial cell,Cortex,M,3_10_M,MAA000560,4733,1345020.0
B4.MAA000563.3_10_M.1.1,oligodendrocyte,Hippocampus,M,3_10_M,MAA000563,2400,1583124.0
B4.MAA000615.3_10_M.1.1,oligodendrocyte,Striatum,M,3_10_M,MAA000615,2485,529616.0
B4.MAA000926.3_9_M.1.1,astrocyte,Cortex,M,3_9_M,MAA000926,1412,1385965.0
B4.MAA000930.3_8_M.1.1,astrocyte,Cortex,M,3_8_M,MAA000930,3501,597422.0
B4.MAA000932.3_11_M.1.1,endothelial cell,Hippocampus,M,3_11_M,MAA000932,2602,856465.0
B4.MAA000935.3_8_M.1.1,astrocyte,Hippocampus,M,3_8_M,MAA000935,4018,689820.0
B4.MAA000941.3_8_M.1.1,astrocyte,Hippocampus,M,3_8_M,MAA000941,1067,439755.0
B4.MAA000944.3_9_M.1.1,oligodendrocyte,Cortex,M,3_9_M,MAA000944,4076,1864675.0
B4.MAA001845.3_39_F.1.1,endothelial cell,Cerebellum,F,3_39_F,MAA001845,2081,286557.0
B4.MAA001894.3_39_F.1.1,oligodendrocyte,Cortex,F,3_39_F,MAA001894,3103,397940.0
B5.B003290.3_38_F.1.1,endothelial cell,Striatum,F,3_38_F,B003290,4024,978492.0
B5.MAA000560.3_10_M.1.1,oligodendrocyte,Cortex,M,3_10_M,MAA000560,2374,144374.0
B5.MAA000564.3_10_M.1.1,oligodendrocyte,Striatum,M,3_10_M,MAA000564,3226,575561.0
B5.MAA000581.3_10_M.1.1,astrocyte,Cerebellum,M,3_10_M,MAA000581,5683,1035457.0
B5.MAA000923.3_9_M.1.1,oligodendrocyte,Hippocampus,M,3_9_M,MAA000923,3535,562849.0
B5.MAA000926.3_9_M.1.1,astrocyte,Cortex,M,3_9_M,MAA000926,1409,1380909.0
B5.MAA000932.3_11_M.1.1,endothelial cell,Hippocampus,M,3_11_M,MAA000932,2069,278155.0
B5.MAA000942.3_8_M.1.1,oligodendrocyte,Striatum,M,3_8_M,MAA000942,3038,369190.0
B5.MAA000944.3_9_M.1.1,astrocyte,Cortex,M,3_9_M,MAA000944,2329,956886.0
B5.MAA001894.3_39_F.1.1,oligodendrocyte,Cortex,F,3_39_F,MAA001894,3267,455048.0
B5.MAA001895.3_38_F.1.1,endothelial cell,Cortex,F,3_38_F,MAA001895,3005,151045.0
B6.MAA000560.3_10_M.1.1,oligodendrocyte,Cortex,M,3_10_M,MAA000560,3918,1553799.0
B6.MAA000564.3_10_M.1.1,Bergmann glial cell,Striatum,M,3_10_M,MAA000564,2761,684438.0
B6.MAA000581.3_10_M.1.1,oligodendrocyte precursor cell,Cerebellum,M,3_10_M,MAA000581,3362,588937.0
B6.MAA000926.3_9_M.1.1,astrocyte,Cortex,M,3_9_M,MAA000926,1196,769308.0
B6.MAA000930.3_8_M.1.1,astrocyte,Cortex,M,3_8_M,MAA000930,3847,1258232.0
B6.MAA000932.3_11_M.1.1,endothelial cell,Hippocampus,M,3_11_M,MAA000932,5028,1023238.0
B6.MAA000941.3_8_M.1.1,oligodendrocyte,Hippocampus,M,3_8_M,MAA000941,2925,1968297.0
B6.MAA000944.3_9_M.1.1,oligodendrocyte,Cortex,M,3_9_M,MAA000944,2955,1606976.0
B6.MAA001895.3_38_F.1.1,endothelial cell,Cortex,F,3_38_F,MAA001895,2672,115186.0
B7.B003274.3_38_F.1.1,astrocyte,Striatum,F,3_38_F,B003274,2552,1223320.0
B7.B003277.3_39_F.1.1,oligodendrocyte precursor cell,Hippocampus,F,3_39_F,B003277,4619,5173121.0
B7.B003290.3_38_F.1.1,endothelial cell,Striatum,F,3_38_F,B003290,1588,169363.0
B7.MAA000560.3_10_M.1.1,astrocyte,Cortex,M,3_10_M,MAA000560,3788,1080902.0
B7.MAA000563.3_10_M.1.1,oligodendrocyte,Hippocampus,M,3_10_M,MAA000563,3009,1015229.0
B7.MAA000564.3_10_M.1.1,oligodendrocyte,Striatum,M,3_10_M,MAA000564,2758,444346.0
B7.MAA000615.3_10_M.1.1,astrocyte,Striatum,M,3_10_M,MAA000615,2291,482584.0
B7.MAA000926.3_9_M.1.1,oligodendrocyte,Cortex,M,3_9_M,MAA000926,4297,2192761.0
B7.MAA000932.3_11_M.1.1,oligodendrocyte precursor cell,Hippocampus,M,3_11_M,MAA000932,3886,770287.0
B7.MAA000935.3_8_M.1.1,endothelial cell,Hippocampus,M,3_8_M,MAA000935,2898,311649.0
B7.MAA000941.3_8_M.1.1,oligodendrocyte,Hippocampus,M,3_8_M,MAA000941,3476,1465503.0
B7.MAA000942.3_8_M.1.1,neuron,Striatum,M,3_8_M,MAA000942,5142,348176.0
B7.MAA000944.3_9_M.1.1,astrocyte,Cortex,M,3_9_M,MAA000944,1520,404963.0
B7.MAA001845.3_39_F.1.1,endothelial cell,Cerebellum,F,3_39_F,MAA001845,1809,175104.0
B7.MAA001895.3_38_F.1.1,endothelial cell,Cortex,F,3_38_F,MAA001895,1967,71178.0
B8.B003274.3_38_F.1.1,astrocyte,Striatum,F,3_38_F,B003274,2272,980734.0
B8.B003275.3_38_F.1.1,endothelial cell,Hippocampus,F,3_38_F,B003275,2693,1637296.0
B8.B003290.3_38_F.1.1,endothelial cell,Striatum,F,3_38_F,B003290,2285,658237.0
B8.MAA000424.3_11_M.1.1,oligodendrocyte,Cerebellum,M,3_11_M,MAA000424,4015,2172425.0
B8.MAA000560.3_10_M.1.1,oligodendrocyte,Cortex,M,3_10_M,MAA000560,2878,1024608.0
B8.MAA000564.3_10_M.1.1,oligodendrocyte,Striatum,M,3_10_M,MAA000564,2812,547817.0
B8.MAA000615.3_10_M.1.1,endothelial cell,Striatum,M,3_10_M,MAA000615,3399,1113135.0
B8.MAA000926.3_9_M.1.1,oligodendrocyte,Cortex,M,3_9_M,MAA000926,3770,1630412.0
B8.MAA000930.3_8_M.1.1,oligodendrocyte,Cortex,M,3_8_M,MAA000930,3116,732638.0
B8.MAA000932.3_11_M.1.1,endothelial cell,Hippocampus,M,3_11_M,MAA000932,2158,331808.0
B8.MAA001854.3_38_F.1.1,endothelial cell,Cerebellum,F,3_38_F,MAA001854,3136,3618504.0
B8.MAA001894.3_39_F.1.1,astrocyte,Cortex,F,3_39_F,MAA001894,1635,228821.0
B8.MAA001895.3_38_F.1.1,brain pericyte,Cortex,F,3_38_F,MAA001895,2392,96457.0
B9.B003290.3_38_F.1.1,endothelial cell,Striatum,F,3_38_F,B003290,2126,423739.0
B9.MAA000560.3_10_M.1.1,astrocyte,Cortex,M,3_10_M,MAA000560,3580,1439118.0
B9.MAA000578.3_10_M.1.1,oligodendrocyte,Cerebellum,M,3_10_M,MAA000578,3343,1337556.0
B9.MAA000615.3_10_M.1.1,astrocyte,Striatum,M,3_10_M,MAA000615,2408,1081973.0
B9.MAA000923.3_9_M.1.1,oligodendrocyte,Hippocampus,M,3_9_M,MAA000923,2881,1046029.0
B9.MAA000926.3_9_M.1.1,astrocyte,Cortex,M,3_9_M,MAA000926,2053,307312.0
B9.MAA000930.3_8_M.1.1,oligodendrocyte,Cortex,M,3_8_M,MAA000930,3122,1133895.0
B9.MAA000932.3_11_M.1.1,endothelial cell,Hippocampus,M,3_11_M,MAA000932,2003,352508.0
B9.MAA000935.3_8_M.1.1,oligodendrocyte,Hippocampus,M,3_8_M,MAA000935,3145,704498.0
B9.MAA001845.3_39_F.1.1,endothelial cell,Cerebellum,F,3_39_F,MAA001845,2212,215288.0
B9.MAA001854.3_38_F.1.1,oligodendrocyte,Cerebellum,F,3_38_F,MAA001854,1395,1611465.0
B9.MAA001894.3_39_F.1.1,astrocyte,Cortex,F,3_39_F,MAA001894,2547,358306.0
C1.B000404.3_56_F.1.1,oligodendrocyte precursor cell,Cerebellum,F,3_56_F,B000404,3129,544731.0
C1.B003277.3_39_F.1.1,oligodendrocyte,Hippocampus,F,3_39_F,B003277,2276,4437149.0
C1.MAA000560.3_10_M.1.1,oligodendrocyte,Cortex,M,3_10_M,MAA000560,3277,984506.0
C1.MAA000563.3_10_M.1.1,astrocyte,Hippocampus,M,3_10_M,MAA000563,1889,1277238.0
C1.MAA000564.3_10_M.1.1,oligodendrocyte,Striatum,M,3_10_M,MAA000564,3407,848725.0
C1.MAA000578.3_10_M.1.1,Bergmann glial cell,Cerebellum,M,3_10_M,MAA000578,3386,516363.0
C1.MAA000926.3_9_M.1.1,astrocyte,Cortex,M,3_9_M,MAA000926,1987,1639592.0
C1.MAA000930.3_8_M.1.1,oligodendrocyte,Cortex,M,3_8_M,MAA000930,2881,1953418.0
C1.MAA000932.3_11_M.1.1,endothelial cell,Hippocampus,M,3_11_M,MAA000932,1901,385777.0
C1.MAA000940.3_8_M.1.1,neuron,Striatum,M,3_8_M,MAA000940,4508,92958.0
C1.MAA000941.3_8_M.1.1,oligodendrocyte,Hippocampus,M,3_8_M,MAA000941,3514,218949.0
C1.MAA001894.3_39_F.1.1,astrocyte,Cortex,F,3_39_F,MAA001894,2570,295330.0
C1.MAA001895.3_38_F.1.1,brain pericyte,Cortex,F,3_38_F,MAA001895,1899,69105.0
C10.B003275.3_38_F.1.1,endothelial cell,Hippocampus,F,3_38_F,B003275,2555,2198459.0
C10.MAA000581.3_10_M.1.1,oligodendrocyte,Cerebellum,M,3_10_M,MAA000581,2238,430376.0
C10.MAA000615.3_10_M.1.1,oligodendrocyte precursor cell,Striatum,M,3_10_M,MAA000615,5177,2343967.0
C10.MAA000925.3_9_M.1.1,oligodendrocyte,Striatum,M,3_9_M,MAA000925,2842,412218.0
C10.MAA000926.3_9_M.1.1,oligodendrocyte,Cortex,M,3_9_M,MAA000926,4168,1122011.0
C10.MAA000935.3_8_M.1.1,oligodendrocyte,Hippocampus,M,3_8_M,MAA000935,2982,804457.0
C10.MAA000944.3_9_M.1.1,oligodendrocyte,Cortex,M,3_9_M,MAA000944,3549,1572944.0
C10.MAA001845.3_39_F.1.1,endothelial cell,Cerebellum,F,3_39_F,MAA001845,1674,187968.0
C11.B003275.3_38_F.1.1,oligodendrocyte precursor cell,Hippocampus,F,3_38_F,B003275,4009,1714014.0
C11.MAA000553.3_10_M.1.1,endothelial cell,Hippocampus,M,3_10_M,MAA000553,4473,1512299.0
C11.MAA000560.3_10_M.1.1,oligodendrocyte,Cortex,M,3_10_M,MAA000560,2484,875032.0
C11.MAA000638.3_9_M.1.1,endothelial cell,Cerebellum,M,3_9_M,MAA000638,865,545821.0
C11.MAA000926.3_9_M.1.1,oligodendrocyte,Cortex,M,3_9_M,MAA000926,4015,1148521.0
C11.MAA000932.3_11_M.1.1,endothelial cell,Hippocampus,M,3_11_M,MAA000932,3875,667077.0
C11.MAA001894.3_39_F.1.1,neuron,Cortex,F,3_39_F,MAA001894,3387,258228.0
C12.B003275.3_38_F.1.1,oligodendrocyte,Hippocampus,F,3_38_F,B003275,1900,649057.0
C12.B003290.3_38_F.1.1,endothelial cell,Striatum,F,3_38_F,B003290,1706,397859.0
C12.MAA000553.3_10_M.1.1,endothelial cell,Hippocampus,M,3_10_M,MAA000553,2325,467607.0
C12.MAA000560.3_10_M.1.1,astrocyte,Cortex,M,3_10_M,MAA000560,3297,1156741.0
C12.MAA000561.3_10_M.1.1,neuron,Cortex,M,3_10_M,MAA000561,5773,2562695.0
C12.MAA000581.3_10_M.1.1,endothelial cell,Cerebellum,M,3_10_M,MAA000581,923,137633.0
C12.MAA000615.3_10_M.1.1,oligodendrocyte,Striatum,M,3_10_M,MAA000615,3047,2429286.0
C12.MAA000641.3_9_M.1.1,endothelial cell,Cerebellum,M,3_9_M,MAA000641,2271,1980175.0
C12.MAA000923.3_9_M.1.1,oligodendrocyte,Hippocampus,M,3_9_M,MAA000923,3349,678132.0
C12.MAA000926.3_9_M.1.1,oligodendrocyte,Cortex,M,3_9_M,MAA000926,3238,658502.0
C12.MAA000942.3_8_M.1.1,astrocyte,Striatum,M,3_8_M,MAA000942,2439,121008.0
C12.MAA000944.3_9_M.1.1,oligodendrocyte,Cortex,M,3_9_M,MAA000944,2785,1777948.0
C12.MAA001895.3_38_F.1.1,endothelial cell,Cortex,F,3_38_F,MAA001895,1948,98536.0
C13.B000621.3_56_F.1.1,astrocyte,Hippocampus,F,3_56_F,B000621,2899,818362.0
C13.B003275.3_38_F.1.1,endothelial cell,Hippocampus,F,3_38_F,B003275,2335,715169.0
C13.B003290.3_38_F.1.1,endothelial cell,Striatum,F,3_38_F,B003290,3285,971992.0
C13.MAA000560.3_10_M.1.1,oligodendrocyte,Cortex,M,3_10_M,MAA000560,3078,258080.0
C13.MAA000563.3_10_M.1.1,oligodendrocyte,Hippocampus,M,3_10_M,MAA000563,2996,226313.0
C13.MAA000564.3_10_M.1.1,oligodendrocyte,Striatum,M,3_10_M,MAA000564,4908,851591.0
C13.MAA000581.3_10_M.1.1,endothelial cell,Cerebellum,M,3_10_M,MAA000581,1847,260917.0
C13.MAA000615.3_10_M.1.1,neuron,Striatum,M,3_10_M,MAA000615,2869,1592695.0
C13.MAA000638.3_9_M.1.1,neuron,Cerebellum,M,3_9_M,MAA000638,1378,308026.0
C13.MAA000923.3_9_M.1.1,oligodendrocyte,Hippocampus,M,3_9_M,MAA000923,3332,672097.0
C13.MAA000926.3_9_M.1.1,endothelial cell,Cortex,M,3_9_M,MAA000926,2657,385475.0
C13.MAA000935.3_8_M.1.1,astrocyte,Hippocampus,M,3_8_M,MAA000935,1984,341720.0
C13.MAA000942.3_8_M.1.1,oligodendrocyte,Striatum,M,3_8_M,MAA000942,2774,289682.0
C13.MAA000944.3_9_M.1.1,oligodendrocyte,Cortex,M,3_9_M,MAA000944,3024,1930181.0
C13.MAA001894.3_39_F.1.1,astrocyte,Cortex,F,3_39_F,MAA001894,2319,180795.0
C14.B000621.3_56_F.1.1,oligodendrocyte,Hippocampus,F,3_56_F,B000621,2759,1011127.0
C14.B003275.3_38_F.1.1,endothelial cell,Hippocampus,F,3_38_F,B003275,2002,276213.0
C14.MAA000560.3_10_M.1.1,oligodendrocyte,Cortex,M,3_10_M,MAA000560,2736,507143.0
C14.MAA000563.3_10_M.1.1,astrocyte,Hippocampus,M,3_10_M,MAA000563,2993,151878.0
C14.MAA000615.3_10_M.1.1,neuron,Striatum,M,3_10_M,MAA000615,3100,1803303.0
C14.MAA000926.3_9_M.1.1,endothelial cell,Cortex,M,3_9_M,MAA000926,2335,383690.0
C14.MAA001894.3_39_F.1.1,oligodendrocyte,Cortex,F,3_39_F,MAA001894,2921,314398.0
C15.B003275.3_38_F.1.1,endothelial cell,Hippocampus,F,3_38_F,B003275,1545,518400.0
C15.B003290.3_38_F.1.1,endothelial cell,Striatum,F,3_38_F,B003290,2079,599871.0
C15.MAA000564.3_10_M.1.1,oligodendrocyte,Striatum,M,3_10_M,MAA000564,3034,627444.0
C15.MAA000581.3_10_M.1.1,neuron,Cerebellum,M,3_10_M,MAA000581,4282,658572.0
C15.MAA000638.3_9_M.1.1,oligodendrocyte,Cerebellum,M,3_9_M,MAA000638,1063,550751.0
C15.MAA000641.3_9_M.1.1,endothelial cell,Cerebellum,M,3_9_M,MAA000641,2296,1139496.0
C15.MAA000926.3_9_M.1.1,brain pericyte,Cortex,M,3_9_M,MAA000926,3267,464111.0
C15.MAA000935.3_8_M.1.1,endothelial cell,Hippocampus,M,3_8_M,MAA000935,4135,1047199.0
C15.MAA000942.3_8_M.1.1,oligodendrocyte,Striatum,M,3_8_M,MAA000942,3006,275366.0
C15.MAA000944.3_9_M.1.1,oligodendrocyte,Cortex,M,3_9_M,MAA000944,4323,1983078.0
C15.MAA001895.3_38_F.1.1,endothelial cell,Cortex,F,3_38_F,MAA001895,2082,94963.0
C16.B003275.3_38_F.1.1,endothelial cell,Hippocampus,F,3_38_F,B003275,3207,762145.0
C16.MAA000560.3_10_M.1.1,astrocyte,Cortex,M,3_10_M,MAA000560,4029,1383140.0
C16.MAA000581.3_10_M.1.1,endothelial cell,Cerebellum,M,3_10_M,MAA000581,2445,1052724.0
C16.MAA000926.3_9_M.1.1,endothelial cell,Cortex,M,3_9_M,MAA000926,2817,436905.0
C16.MAA000935.3_8_M.1.1,oligodendrocyte,Hippocampus,M,3_8_M,MAA000935,2931,856665.0
C16.MAA000942.3_8_M.1.1,neuron,Striatum,M,3_8_M,MAA000942,5521,175569.0
C16.MAA000944.3_9_M.1.1,endothelial cell,Cortex,M,3_9_M,MAA000944,3279,1993433.0
C16.MAA000947.3_9_M.1.1,endothelial cell,Hippocampus,M,3_9_M,MAA000947,3854,3182461.0
C16.MAA001853.3_38_F.1.1,neuron,Cerebellum,F,3_38_F,MAA001853,4738,711836.0
C16.MAA001895.3_38_F.1.1,brain pericyte,Cortex,F,3_38_F,MAA001895,3476,196011.0
C17.B003275.3_38_F.1.1,neuron,Hippocampus,F,3_38_F,B003275,2861,888855.0
C17.B003290.3_38_F.1.1,oligodendrocyte,Striatum,F,3_38_F,B003290,3408,1408098.0
C17.MAA000561.3_10_M.1.1,brain pericyte,Cortex,M,3_10_M,MAA000561,3345,1811460.0
C17.MAA000581.3_10_M.1.1,brain pericyte,Cerebellum,M,3_10_M,MAA000581,2999,1827403.0
C17.MAA000638.3_9_M.1.1,oligodendrocyte,Cerebellum,M,3_9_M,MAA000638,1725,62098.0
C17.MAA000641.3_9_M.1.1,oligodendrocyte precursor cell,Cerebellum,M,3_9_M,MAA000641,3015,1181496.0
C17.MAA000925.3_9_M.1.1,oligodendrocyte,Striatum,M,3_9_M,MAA000925,3141,673844.0
C17.MAA000926.3_9_M.1.1,oligodendrocyte,Cortex,M,3_9_M,MAA000926,3626,628153.0
C17.MAA000932.3_11_M.1.1,endothelial cell,Hippocampus,M,3_11_M,MAA000932,2442,387220.0
C17.MAA000940.3_8_M.1.1,oligodendrocyte,Striatum,M,3_8_M,MAA000940,2913,693198.0
C17.MAA000942.3_8_M.1.1,oligodendrocyte,Striatum,M,3_8_M,MAA000942,2651,254912.0
C17.MAA000944.3_9_M.1.1,astrocyte,Cortex,M,3_9_M,MAA000944,2130,1580292.0
C18.B000621.3_56_F.1.1,oligodendrocyte,Hippocampus,F,3_56_F,B000621,3425,870507.0
C18.MAA000560.3_10_M.1.1,oligodendrocyte,Cortex,M,3_10_M,MAA000560,2623,843365.0
C18.MAA000561.3_10_M.1.1,neuron,Cortex,M,3_10_M,MAA000561,4572,1160707.0
C18.MAA000564.3_10_M.1.1,oligodendrocyte,Striatum,M,3_10_M,MAA000564,2644,398560.0
C18.MAA000581.3_10_M.1.1,endothelial cell,Cerebellum,M,3_10_M,MAA000581,2140,2240339.0
C18.MAA000925.3_9_M.1.1,oligodendrocyte,Striatum,M,3_9_M,MAA000925,2842,448451.0
C18.MAA000926.3_9_M.1.1,endothelial cell,Cortex,M,3_9_M,MAA000926,2805,349647.0
C18.MAA000930.3_8_M.1.1,oligodendrocyte,Cortex,M,3_8_M,MAA000930,3971,431021.0
C18.MAA000940.3_8_M.1.1,oligodendrocyte,Striatum,M,3_8_M,MAA000940,3631,170627.0
C18.MAA000941.3_8_M.1.1,endothelial cell,Hippocampus,M,3_8_M,MAA000941,2677,229737.0
C18.MAA000942.3_8_M.1.1,neuron,Striatum,M,3_8_M,MAA000942,6578,429760.0
C18.MAA000944.3_9_M.1.1,oligodendrocyte,Cortex,M,3_9_M,MAA000944,5071,1923996.0
C18.MAA000947.3_9_M.1.1,oligodendrocyte precursor cell,Hippocampus,M,3_9_M,MAA000947,4223,765071.0
C18.MAA001895.3_38_F.1.1,brain pericyte,Cortex,F,3_38_F,MAA001895,2706,136863.0
C19.B003728.3_56_F.1.1,astrocyte,Striatum,F,3_56_F,B003728,3114,3892396.0
C19.MAA000553.3_10_M.1.1,astrocyte,Hippocampus,M,3_10_M,MAA000553,3185,586546.0
C19.MAA000560.3_10_M.1.1,oligodendrocyte,Cortex,M,3_10_M,MAA000560,3195,916536.0
C19.MAA000561.3_10_M.1.1,brain pericyte,Cortex,M,3_10_M,MAA000561,3625,1708533.0
C19.MAA000564.3_10_M.1.1,oligodendrocyte precursor cell,Striatum,M,3_10_M,MAA000564,3493,381211.0
C19.MAA000581.3_10_M.1.1,endothelial cell,Cerebellum,M,3_10_M,MAA000581,2044,2000742.0
C19.MAA000930.3_8_M.1.1,oligodendrocyte,Cortex,M,3_8_M,MAA000930,3085,257944.0
C19.MAA000932.3_11_M.1.1,oligodendrocyte precursor cell,Hippocampus,M,3_11_M,MAA000932,4217,784572.0
C19.MAA000940.3_8_M.1.1,neuron,Striatum,M,3_8_M,MAA000940,4127,147503.0
C19.MAA000941.3_8_M.1.1,brain pericyte,Hippocampus,M,3_8_M,MAA000941,3256,350047.0
C19.MAA000944.3_9_M.1.1,oligodendrocyte,Cortex,M,3_9_M,MAA000944,3124,1858030.0
C19.MAA000947.3_9_M.1.1,oligodendrocyte,Hippocampus,M,3_9_M,MAA000947,4047,4074646.0
C19.MAA001895.3_38_F.1.1,brain pericyte,Cortex,F,3_38_F,MAA001895,2325,87147.0
C2.MAA000560.3_10_M.1.1,oligodendrocyte,Cortex,M,3_10_M,MAA000560,3716,1301735.0
C2.MAA000564.3_10_M.1.1,oligodendrocyte precursor cell,Striatum,M,3_10_M,MAA000564,4498,481602.0
C2.MAA000932.3_11_M.1.1,brain pericyte,Hippocampus,M,3_11_M,MAA000932,2706,619626.0
C2.MAA000935.3_8_M.1.1,oligodendrocyte,Hippocampus,M,3_8_M,MAA000935,3910,1365751.0
C2.MAA000944.3_9_M.1.1,astrocyte,Cortex,M,3_9_M,MAA000944,1395,1388814.0
C2.MAA001894.3_39_F.1.1,oligodendrocyte,Cortex,F,3_39_F,MAA001894,3152,365187.0
C20.MAA000560.3_10_M.1.1,oligodendrocyte,Cortex,M,3_10_M,MAA000560,3237,1020756.0
C20.MAA000581.3_10_M.1.1,brain pericyte,Cerebellum,M,3_10_M,MAA000581,2764,2136647.0
C20.MAA000940.3_8_M.1.1,neuron,Striatum,M,3_8_M,MAA000940,7387,266021.0
C20.MAA000941.3_8_M.1.1,endothelial cell,Hippocampus,M,3_8_M,MAA000941,2530,181548.0
C20.MAA001895.3_38_F.1.1,endothelial cell,Cortex,F,3_38_F,MAA001895,1740,59344.0
C21.B003275.3_38_F.1.1,endothelial cell,Hippocampus,F,3_38_F,B003275,1681,588393.0
C21.MAA000424.3_11_M.1.1,endothelial cell,Cerebellum,M,3_11_M,MAA000424,3340,1487481.0
C21.MAA000560.3_10_M.1.1,oligodendrocyte,Cortex,M,3_10_M,MAA000560,3556,1442280.0
C21.MAA000581.3_10_M.1.1,endothelial cell,Cerebellum,M,3_10_M,MAA000581,2627,2759043.0
C21.MAA000926.3_9_M.1.1,oligodendrocyte,Cortex,M,3_9_M,MAA000926,4276,693317.0
C21.MAA000944.3_9_M.1.1,astrocyte,Cortex,M,3_9_M,MAA000944,2088,969469.0
C21.MAA001895.3_38_F.1.1,brain pericyte,Cortex,F,3_38_F,MAA001895,3005,128904.0
C22.B000404.3_56_F.1.1,oligodendrocyte,Cerebellum,F,3_56_F,B000404,2866,648664.0
C22.B003290.3_38_F.1.1,neuron,Striatum,F,3_38_F,B003290,5606,1132745.0
C22.B003728.3_56_F.1.1,astrocyte,Striatum,F,3_56_F,B003728,2853,4866362.0
C22.MAA000553.3_10_M.1.1,endothelial cell,Hippocampus,M,3_10_M,MAA000553,4092,638421.0
C22.MAA000560.3_10_M.1.1,oligodendrocyte,Cortex,M,3_10_M,MAA000560,2893,1130479.0
C22.MAA000578.3_10_M.1.1,oligodendrocyte,Cerebellum,M,3_10_M,MAA000578,3630,1040998.0
C22.MAA000581.3_10_M.1.1,brain pericyte,Cerebellum,M,3_10_M,MAA000581,2570,2519730.0
C22.MAA000902.3_11_M.1.1,astrocyte,Striatum,M,3_11_M,MAA000902,3228,2514742.0
C22.MAA000932.3_11_M.1.1,oligodendrocyte precursor cell,Hippocampus,M,3_11_M,MAA000932,3638,505691.0
C22.MAA000940.3_8_M.1.1,neuron,Striatum,M,3_8_M,MAA000940,5278,167521.0
C22.MAA000944.3_9_M.1.1,neuron,Cortex,M,3_9_M,MAA000944,4958,1556379.0
C22.MAA001894.3_39_F.1.1,astrocyte,Cortex,F,3_39_F,MAA001894,1291,100748.0
C3.B003290.3_38_F.1.1,endothelial cell,Striatum,F,3_38_F,B003290,1791,327048.0
C3.MAA000560.3_10_M.1.1,oligodendrocyte,Cortex,M,3_10_M,MAA000560,4592,1809442.0
C3.MAA000564.3_10_M.1.1,neuron,Striatum,M,3_10_M,MAA000564,5416,990564.0
C3.MAA000578.3_10_M.1.1,neuron,Cerebellum,M,3_10_M,MAA000578,1830,374230.0
C3.MAA000638.3_9_M.1.1,oligodendrocyte,Cerebellum,M,3_9_M,MAA000638,821,262981.0
C3.MAA000641.3_9_M.1.1,brain pericyte,Cerebellum,M,3_9_M,MAA000641,3071,2217457.0
C3.MAA000926.3_9_M.1.1,brain pericyte,Cortex,M,3_9_M,MAA000926,3556,1561410.0
C3.MAA000930.3_8_M.1.1,oligodendrocyte,Cortex,M,3_8_M,MAA000930,4486,1397624.0
C3.MAA000932.3_11_M.1.1,endothelial cell,Hippocampus,M,3_11_M,MAA000932,3059,691749.0
C3.MAA000944.3_9_M.1.1,astrocyte,Cortex,M,3_9_M,MAA000944,1402,1477780.0
C3.MAA001845.3_39_F.1.1,endothelial cell,Cerebellum,F,3_39_F,MAA001845,2261,290797.0
C4.B003290.3_38_F.1.1,brain pericyte,Striatum,F,3_38_F,B003290,3163,707077.0
C4.MAA000424.3_11_M.1.1,oligodendrocyte,Cerebellum,M,3_11_M,MAA000424,3565,1821128.0
C4.MAA000923.3_9_M.1.1,oligodendrocyte,Hippocampus,M,3_9_M,MAA000923,2868,367742.0
C4.MAA000926.3_9_M.1.1,oligodendrocyte,Cortex,M,3_9_M,MAA000926,3730,1654168.0
C4.MAA000930.3_8_M.1.1,oligodendrocyte,Cortex,M,3_8_M,MAA000930,5899,1710070.0
C4.MAA000932.3_11_M.1.1,endothelial cell,Hippocampus,M,3_11_M,MAA000932,3982,1127811.0
C4.MAA000940.3_8_M.1.1,neuron,Striatum,M,3_8_M,MAA000940,4655,101704.0
C4.MAA000942.3_8_M.1.1,oligodendrocyte,Striatum,M,3_8_M,MAA000942,3992,364186.0
C4.MAA000944.3_9_M.1.1,oligodendrocyte,Cortex,M,3_9_M,MAA000944,4536,2090647.0
C4.MAA001895.3_38_F.1.1,endothelial cell,Cortex,F,3_38_F,MAA001895,3060,148723.0
C5.B003290.3_38_F.1.1,astrocyte,Striatum,F,3_38_F,B003290,3522,600162.0
C5.B003728.3_56_F.1.1,oligodendrocyte,Striatum,F,3_56_F,B003728,1947,1741092.0
C5.MAA000560.3_10_M.1.1,oligodendrocyte,Cortex,M,3_10_M,MAA000560,2557,1065211.0
C5.MAA000563.3_10_M.1.1,oligodendrocyte precursor cell,Hippocampus,M,3_10_M,MAA000563,3538,1012887.0
C5.MAA000926.3_9_M.1.1,oligodendrocyte,Cortex,M,3_9_M,MAA000926,3213,1408754.0
C5.MAA000930.3_8_M.1.1,oligodendrocyte,Cortex,M,3_8_M,MAA000930,4247,1614919.0
C5.MAA000932.3_11_M.1.1,endothelial cell,Hippocampus,M,3_11_M,MAA000932,2339,616221.0
C5.MAA000942.3_8_M.1.1,oligodendrocyte,Striatum,M,3_8_M,MAA000942,3867,513866.0
C5.MAA000944.3_9_M.1.1,oligodendrocyte,Cortex,M,3_9_M,MAA000944,3169,1731324.0
C5.MAA001895.3_38_F.1.1,endothelial cell,Cortex,F,3_38_F,MAA001895,2025,65294.0
C6.B003290.3_38_F.1.1,endothelial cell,Striatum,F,3_38_F,B003290,2662,639742.0
C6.MAA000560.3_10_M.1.1,oligodendrocyte,Cortex,M,3_10_M,MAA000560,3303,1169603.0
C6.MAA000563.3_10_M.1.1,oligodendrocyte,Hippocampus,M,3_10_M,MAA000563,2716,1055998.0
C6.MAA000615.3_10_M.1.1,oligodendrocyte,Striatum,M,3_10_M,MAA000615,2859,1422769.0
C6.MAA000923.3_9_M.1.1,oligodendrocyte,Hippocampus,M,3_9_M,MAA000923,3001,731005.0
C6.MAA000926.3_9_M.1.1,oligodendrocyte,Cortex,M,3_9_M,MAA000926,3242,1380235.0
C6.MAA000930.3_8_M.1.1,oligodendrocyte,Cortex,M,3_8_M,MAA000930,3265,1635886.0
C6.MAA000932.3_11_M.1.1,neuron,Hippocampus,M,3_11_M,MAA000932,4062,797976.0
C6.MAA000941.3_8_M.1.1,brain pericyte,Hippocampus,M,3_8_M,MAA000941,1954,135653.0
C6.MAA000942.3_8_M.1.1,neuron,Striatum,M,3_8_M,MAA000942,6471,650097.0
C6.MAA000944.3_9_M.1.1,astrocyte,Cortex,M,3_9_M,MAA000944,3348,1685219.0
C7.B003277.3_39_F.1.1,neuron,Hippocampus,F,3_39_F,B003277,1723,2016687.0
C7.B003290.3_38_F.1.1,endothelial cell,Striatum,F,3_38_F,B003290,1140,208432.0
C7.MAA000560.3_10_M.1.1,astrocyte,Cortex,M,3_10_M,MAA000560,2772,723544.0
C7.MAA000615.3_10_M.1.1,oligodendrocyte,Striatum,M,3_10_M,MAA000615,2213,1083684.0
C7.MAA000926.3_9_M.1.1,brain pericyte,Cortex,M,3_9_M,MAA000926,3382,1071420.0
C7.MAA000930.3_8_M.1.1,oligodendrocyte,Cortex,M,3_8_M,MAA000930,5261,1325931.0
C7.MAA000932.3_11_M.1.1,oligodendrocyte precursor cell,Hippocampus,M,3_11_M,MAA000932,3960,1230617.0
C7.MAA000940.3_8_M.1.1,neuron,Striatum,M,3_8_M,MAA000940,5219,132692.0
C7.MAA000942.3_8_M.1.1,oligodendrocyte,Striatum,M,3_8_M,MAA000942,3425,274522.0
C7.MAA001845.3_39_F.1.1,endothelial cell,Cerebellum,F,3_39_F,MAA001845,2618,1000819.0
C8.B003290.3_38_F.1.1,brain pericyte,Striatum,F,3_38_F,B003290,2492,562344.0
C8.MAA000581.3_10_M.1.1,oligodendrocyte,Cerebellum,M,3_10_M,MAA000581,2945,643237.0
C8.MAA000615.3_10_M.1.1,oligodendrocyte,Striatum,M,3_10_M,MAA000615,5285,2176379.0
C8.MAA000926.3_9_M.1.1,astrocyte,Cortex,M,3_9_M,MAA000926,1739,579160.0
C8.MAA000930.3_8_M.1.1,oligodendrocyte,Cortex,M,3_8_M,MAA000930,3003,424581.0
C8.MAA000932.3_11_M.1.1,endothelial cell,Hippocampus,M,3_11_M,MAA000932,2270,410741.0
C8.MAA000944.3_9_M.1.1,oligodendrocyte,Cortex,M,3_9_M,MAA000944,3290,1811832.0
C8.MAA001845.3_39_F.1.1,endothelial cell,Cerebellum,F,3_39_F,MAA001845,1712,206220.0
C8.MAA001894.3_39_F.1.1,oligodendrocyte,Cortex,F,3_39_F,MAA001894,2865,186602.0
C9.B003728.3_56_F.1.1,astrocyte,Striatum,F,3_56_F,B003728,2730,1573366.0
C9.MAA000560.3_10_M.1.1,oligodendrocyte,Cortex,M,3_10_M,MAA000560,3935,1786194.0
C9.MAA000615.3_10_M.1.1,oligodendrocyte,Striatum,M,3_10_M,MAA000615,3462,2148230.0
C9.MAA000923.3_9_M.1.1,oligodendrocyte,Hippocampus,M,3_9_M,MAA000923,2901,778577.0
C9.MAA000926.3_9_M.1.1,astrocyte,Cortex,M,3_9_M,MAA000926,1802,750343.0
C9.MAA000932.3_11_M.1.1,endothelial cell,Hippocampus,M,3_11_M,MAA000932,2404,510934.0
C9.MAA000944.3_9_M.1.1,oligodendrocyte,Cortex,M,3_9_M,MAA000944,5159,2193992.0
C9.MAA001845.3_39_F.1.1,endothelial cell,Cerebellum,F,3_39_F,MAA001845,1755,177884.0
C9.MAA001895.3_38_F.1.1,brain pericyte,Cortex,F,3_38_F,MAA001895,2388,102628.0
D1.MAA000560.3_10_M.1.1,oligodendrocyte,Cortex,M,3_10_M,MAA000560,3632,1190283.0
D1.MAA000926.3_9_M.1.1,oligodendrocyte,Cortex,M,3_9_M,MAA000926,3143,1325989.0
D1.MAA000930.3_8_M.1.1,astrocyte,Cortex,M,3_8_M,MAA000930,4458,1139525.0
D1.MAA000932.3_11_M.1.1,endothelial cell,Hippocampus,M,3_11_M,MAA000932,4909,1369480.0
D1.MAA000944.3_9_M.1.1,oligodendrocyte,Cortex,M,3_9_M,MAA000944,3281,1602624.0
D1.MAA001895.3_38_F.1.1,endothelial cell,Cortex,F,3_38_F,MAA001895,1899,74798.0
D10.B003275.3_38_F.1.1,oligodendrocyte precursor cell,Hippocampus,F,3_38_F,B003275,3901,1430037.0
D10.MAA000560.3_10_M.1.1,endothelial cell,Cortex,M,3_10_M,MAA000560,4153,1788375.0
D10.MAA000578.3_10_M.1.1,neuron,Cerebellum,M,3_10_M,MAA000578,3241,504821.0
D10.MAA000615.3_10_M.1.1,astrocyte,Striatum,M,3_10_M,MAA000615,2792,1434916.0
D10.MAA000926.3_9_M.1.1,oligodendrocyte,Cortex,M,3_9_M,MAA000926,3385,804153.0
D10.MAA000942.3_8_M.1.1,oligodendrocyte,Striatum,M,3_8_M,MAA000942,5425,756246.0
D10.MAA001845.3_39_F.1.1,endothelial cell,Cerebellum,F,3_39_F,MAA001845,1454,95309.0
D11.B000621.3_56_F.1.1,endothelial cell,Hippocampus,F,3_56_F,B000621,7270,995583.0
D11.B003275.3_38_F.1.1,endothelial cell,Hippocampus,F,3_38_F,B003275,3003,972094.0
D11.MAA000553.3_10_M.1.1,endothelial cell,Hippocampus,M,3_10_M,MAA000553,2457,862423.0
D11.MAA000560.3_10_M.1.1,oligodendrocyte,Cortex,M,3_10_M,MAA000560,2194,557878.0
D11.MAA000561.3_10_M.1.1,oligodendrocyte,Cortex,M,3_10_M,MAA000561,4894,2398924.0
D11.MAA000615.3_10_M.1.1,astrocyte,Striatum,M,3_10_M,MAA000615,2726,1558694.0
D11.MAA000638.3_9_M.1.1,endothelial cell,Cerebellum,M,3_9_M,MAA000638,2163,477554.0
D11.MAA000902.3_11_M.1.1,neuron,Striatum,M,3_11_M,MAA000902,4161,2060831.0
D11.MAA000923.3_9_M.1.1,oligodendrocyte,Hippocampus,M,3_9_M,MAA000923,3198,697079.0
D11.MAA000926.3_9_M.1.1,oligodendrocyte,Cortex,M,3_9_M,MAA000926,4162,1121369.0
D11.MAA000935.3_8_M.1.1,oligodendrocyte,Hippocampus,M,3_8_M,MAA000935,2919,761356.0
D11.MAA000942.3_8_M.1.1,oligodendrocyte,Striatum,M,3_8_M,MAA000942,3622,400214.0
D11.MAA001845.3_39_F.1.1,endothelial cell,Cerebellum,F,3_39_F,MAA001845,1475,136532.0
D12.B003290.3_38_F.1.1,endothelial cell,Striatum,F,3_38_F,B003290,3171,802982.0
D12.MAA000424.3_11_M.1.1,neuron,Cerebellum,M,3_11_M,MAA000424,3880,940398.0
D12.MAA000560.3_10_M.1.1,oligodendrocyte,Cortex,M,3_10_M,MAA000560,2989,919321.0
D12.MAA000561.3_10_M.1.1,neuron,Cortex,M,3_10_M,MAA000561,7300,944166.0
D12.MAA000641.3_9_M.1.1,oligodendrocyte,Cerebellum,M,3_9_M,MAA000641,4300,4517465.0
D12.MAA000926.3_9_M.1.1,neuron,Cortex,M,3_9_M,MAA000926,3718,490903.0
D12.MAA000941.3_8_M.1.1,oligodendrocyte,Hippocampus,M,3_8_M,MAA000941,3161,343403.0
D12.MAA000944.3_9_M.1.1,oligodendrocyte,Cortex,M,3_9_M,MAA000944,2722,1428675.0
D12.MAA001895.3_38_F.1.1,brain pericyte,Cortex,F,3_38_F,MAA001895,2494,109656.0
D13.B000404.3_56_F.1.1,oligodendrocyte,Cerebellum,F,3_56_F,B000404,3079,721012.0
D13.B003275.3_38_F.1.1,endothelial cell,Hippocampus,F,3_38_F,B003275,1788,457465.0
D13.MAA000553.3_10_M.1.1,oligodendrocyte,Hippocampus,M,3_10_M,MAA000553,2992,450159.0
D13.MAA000615.3_10_M.1.1,neuron,Striatum,M,3_10_M,MAA000615,4528,991485.0
D13.MAA000926.3_9_M.1.1,astrocyte,Cortex,M,3_9_M,MAA000926,1243,246618.0
D13.MAA000941.3_8_M.1.1,endothelial cell,Hippocampus,M,3_8_M,MAA000941,2015,125057.0
D13.MAA000944.3_9_M.1.1,endothelial cell,Cortex,M,3_9_M,MAA000944,2268,1150262.0
D14.B003275.3_38_F.1.1,endothelial cell,Hippocampus,F,3_38_F,B003275,2557,738190.0
D14.B003290.3_38_F.1.1,endothelial cell,Striatum,F,3_38_F,B003290,1604,755208.0
D14.MAA000560.3_10_M.1.1,oligodendrocyte,Cortex,M,3_10_M,MAA000560,4376,1866457.0
D14.MAA000581.3_10_M.1.1,endothelial cell,Cerebellum,M,3_10_M,MAA000581,3069,540140.0
D14.MAA000615.3_10_M.1.1,endothelial cell,Striatum,M,3_10_M,MAA000615,3361,1428061.0
D14.MAA000926.3_9_M.1.1,endothelial cell,Cortex,M,3_9_M,MAA000926,3928,602527.0
D14.MAA000930.3_8_M.1.1,endothelial cell,Cortex,M,3_8_M,MAA000930,3038,433800.0
D15.B003275.3_38_F.1.1,endothelial cell,Hippocampus,F,3_38_F,B003275,2436,881971.0
D15.MAA000550.3_10_M.1.1,oligodendrocyte,Hippocampus,M,3_10_M,MAA000550,3333,1966508.0
D15.MAA000560.3_10_M.1.1,oligodendrocyte,Cortex,M,3_10_M,MAA000560,3149,1144036.0
D15.MAA000561.3_10_M.1.1,brain pericyte,Cortex,M,3_10_M,MAA000561,4854,1911826.0
D15.MAA000581.3_10_M.1.1,endothelial cell,Cerebellum,M,3_10_M,MAA000581,2600,504423.0
D15.MAA000925.3_9_M.1.1,oligodendrocyte,Striatum,M,3_9_M,MAA000925,3806,584437.0
D15.MAA000926.3_9_M.1.1,endothelial cell,Cortex,M,3_9_M,MAA000926,1974,121504.0
D15.MAA000935.3_8_M.1.1,oligodendrocyte precursor cell,Hippocampus,M,3_8_M,MAA000935,4102,948711.0
D15.MAA000944.3_9_M.1.1,oligodendrocyte,Cortex,M,3_9_M,MAA000944,4276,2101267.0
D15.MAA000947.3_9_M.1.1,oligodendrocyte,Hippocampus,M,3_9_M,MAA000947,3067,703569.0
D16.B000621.3_56_F.1.1,oligodendrocyte,Hippocampus,F,3_56_F,B000621,4862,817654.0
D16.MAA000424.3_11_M.1.1,endothelial cell,Cerebellum,M,3_11_M,MAA000424,4356,1451035.0
D16.MAA000561.3_10_M.1.1,neuron,Cortex,M,3_10_M,MAA000561,8434,1490755.0
D16.MAA000581.3_10_M.1.1,endothelial cell,Cerebellum,M,3_10_M,MAA000581,2705,1237894.0
D16.MAA000926.3_9_M.1.1,oligodendrocyte,Cortex,M,3_9_M,MAA000926,3043,353207.0
D16.MAA000944.3_9_M.1.1,oligodendrocyte,Cortex,M,3_9_M,MAA000944,2921,1365515.0
D16.MAA000947.3_9_M.1.1,oligodendrocyte,Hippocampus,M,3_9_M,MAA000947,3533,853778.0
D16.MAA001853.3_38_F.1.1,neuron,Cerebellum,F,3_38_F,MAA001853,3264,389149.0
D16.MAA001895.3_38_F.1.1,brain pericyte,Cortex,F,3_38_F,MAA001895,3325,230317.0
D17.B000621.3_56_F.1.1,oligodendrocyte,Hippocampus,F,3_56_F,B000621,2963,866529.0
D17.B001688.3_38_F.1.1,oligodendrocyte,Hippocampus,F,3_38_F,B001688,2208,2786208.0
D17.B003275.3_38_F.1.1,endothelial cell,Hippocampus,F,3_38_F,B003275,2416,492380.0
D17.B003290.3_38_F.1.1,brain pericyte,Striatum,F,3_38_F,B003290,2742,1061517.0
D17.MAA000560.3_10_M.1.1,brain pericyte,Cortex,M,3_10_M,MAA000560,2774,779887.0
D17.MAA000561.3_10_M.1.1,brain pericyte,Cortex,M,3_10_M,MAA000561,8746,2116836.0
D17.MAA000581.3_10_M.1.1,endothelial cell,Cerebellum,M,3_10_M,MAA000581,2382,2198698.0
D17.MAA000902.3_11_M.1.1,oligodendrocyte,Striatum,M,3_11_M,MAA000902,2944,4156481.0
D17.MAA000923.3_9_M.1.1,endothelial cell,Hippocampus,M,3_9_M,MAA000923,5051,1146959.0
D17.MAA000926.3_9_M.1.1,astrocyte,Cortex,M,3_9_M,MAA000926,4195,388298.0
D17.MAA000940.3_8_M.1.1,neuron,Striatum,M,3_8_M,MAA000940,5385,222515.0
D17.MAA000942.3_8_M.1.1,oligodendrocyte,Striatum,M,3_8_M,MAA000942,3533,489113.0
D17.MAA000944.3_9_M.1.1,astrocyte,Cortex,M,3_9_M,MAA000944,3051,1227961.0
D17.MAA001845.3_39_F.1.1,neuron,Cerebellum,F,3_39_F,MAA001845,4020,528992.0
D18.MAA000561.3_10_M.1.1,endothelial cell,Cortex,M,3_10_M,MAA000561,3063,1742984.0
D18.MAA000581.3_10_M.1.1,neuron,Cerebellum,M,3_10_M,MAA000581,3935,1510187.0
D18.MAA000923.3_9_M.1.1,oligodendrocyte,Hippocampus,M,3_9_M,MAA000923,3818,777336.0
D18.MAA000926.3_9_M.1.1,oligodendrocyte,Cortex,M,3_9_M,MAA000926,2883,359298.0
D18.MAA000928.3_9_M.1.1,oligodendrocyte,Cerebellum,M,3_9_M,MAA000928,3208,2364617.0
D18.MAA000935.3_8_M.1.1,astrocyte,Hippocampus,M,3_8_M,MAA000935,1872,424539.0
D18.MAA000940.3_8_M.1.1,oligodendrocyte,Striatum,M,3_8_M,MAA000940,3218,369186.0
D18.MAA000944.3_9_M.1.1,oligodendrocyte,Cortex,M,3_9_M,MAA000944,2863,1285111.0
D18.MAA001894.3_39_F.1.1,oligodendrocyte,Cortex,F,3_39_F,MAA001894,1462,127198.0
D18.MAA001895.3_38_F.1.1,endothelial cell,Cortex,F,3_38_F,MAA001895,2764,130649.0
D19.B003290.3_38_F.1.1,neuron,Striatum,F,3_38_F,B003290,5038,694314.0
D19.MAA000553.3_10_M.1.1,astrocyte,Hippocampus,M,3_10_M,MAA000553,1797,217829.0
D19.MAA000560.3_10_M.1.1,oligodendrocyte,Cortex,M,3_10_M,MAA000560,5041,2068321.0
D19.MAA000561.3_10_M.1.1,endothelial cell,Cortex,M,3_10_M,MAA000561,5401,2164702.0
D19.MAA000564.3_10_M.1.1,oligodendrocyte,Striatum,M,3_10_M,MAA000564,3244,703341.0
D19.MAA000581.3_10_M.1.1,endothelial cell,Cerebellum,M,3_10_M,MAA000581,1938,1961781.0
D19.MAA000923.3_9_M.1.1,brain pericyte,Hippocampus,M,3_9_M,MAA000923,4172,465714.0
D19.MAA000926.3_9_M.1.1,oligodendrocyte,Cortex,M,3_9_M,MAA000926,4120,684102.0
D19.MAA000935.3_8_M.1.1,oligodendrocyte,Hippocampus,M,3_8_M,MAA000935,3919,1631160.0
D19.MAA000941.3_8_M.1.1,endothelial cell,Hippocampus,M,3_8_M,MAA000941,1539,190503.0
D19.MAA000944.3_9_M.1.1,oligodendrocyte,Cortex,M,3_9_M,MAA000944,5463,2148284.0
D2.B003290.3_38_F.1.1,endothelial cell,Striatum,F,3_38_F,B003290,1545,356522.0
D2.B003728.3_56_F.1.1,oligodendrocyte,Striatum,F,3_56_F,B003728,3647,3673996.0
D2.MAA000564.3_10_M.1.1,oligodendrocyte,Striatum,M,3_10_M,MAA000564,2535,524499.0
D2.MAA000615.3_10_M.1.1,oligodendrocyte precursor cell,Striatum,M,3_10_M,MAA000615,2993,83442.0
D2.MAA000641.3_9_M.1.1,oligodendrocyte precursor cell,Cerebellum,M,3_9_M,MAA000641,4725,3120400.0
D2.MAA000923.3_9_M.1.1,astrocyte,Hippocampus,M,3_9_M,MAA000923,3715,361703.0
D2.MAA000926.3_9_M.1.1,oligodendrocyte,Cortex,M,3_9_M,MAA000926,3456,1474459.0
D2.MAA000932.3_11_M.1.1,oligodendrocyte precursor cell,Hippocampus,M,3_11_M,MAA000932,3237,502267.0
D2.MAA000935.3_8_M.1.1,oligodendrocyte,Hippocampus,M,3_8_M,MAA000935,5054,1904819.0
D20.B003275.3_38_F.1.1,oligodendrocyte,Hippocampus,F,3_38_F,B003275,2326,938674.0
D20.MAA000560.3_10_M.1.1,astrocyte,Cortex,M,3_10_M,MAA000560,1741,494479.0
D20.MAA000563.3_10_M.1.1,oligodendrocyte,Hippocampus,M,3_10_M,MAA000563,2315,155926.0
D20.MAA000578.3_10_M.1.1,oligodendrocyte precursor cell,Cerebellum,M,3_10_M,MAA000578,5065,1138485.0
D20.MAA000581.3_10_M.1.1,neuron,Cerebellum,M,3_10_M,MAA000581,2919,1940494.0
D20.MAA000926.3_9_M.1.1,oligodendrocyte,Cortex,M,3_9_M,MAA000926,3929,458097.0
D20.MAA000930.3_8_M.1.1,oligodendrocyte,Cortex,M,3_8_M,MAA000930,3230,339504.0
D20.MAA000944.3_9_M.1.1,oligodendrocyte,Cortex,M,3_9_M,MAA000944,3092,1624142.0
D20.MAA000947.3_9_M.1.1,astrocyte,Hippocampus,M,3_9_M,MAA000947,3952,935144.0
D20.MAA001853.3_38_F.1.1,neuron,Cerebellum,F,3_38_F,MAA001853,4497,720808.0
D20.MAA001895.3_38_F.1.1,endothelial cell,Cortex,F,3_38_F,MAA001895,2513,71989.0
D21.B003275.3_38_F.1.1,endothelial cell,Hippocampus,F,3_38_F,B003275,2126,591464.0
D21.MAA000560.3_10_M.1.1,oligodendrocyte,Cortex,M,3_10_M,MAA000560,4433,1389234.0
D21.MAA000561.3_10_M.1.1,endothelial cell,Cortex,M,3_10_M,MAA000561,4505,1892196.0
D21.MAA000578.3_10_M.1.1,astrocyte,Cerebellum,M,3_10_M,MAA000578,1633,224834.0
D21.MAA000930.3_8_M.1.1,oligodendrocyte,Cortex,M,3_8_M,MAA000930,4600,322601.0
D21.MAA000932.3_11_M.1.1,oligodendrocyte,Hippocampus,M,3_11_M,MAA000932,2932,865006.0
D21.MAA000935.3_8_M.1.1,oligodendrocyte,Hippocampus,M,3_8_M,MAA000935,5165,1223676.0
D21.MAA000947.3_9_M.1.1,oligodendrocyte precursor cell,Hippocampus,M,3_9_M,MAA000947,4281,1061495.0
D22.B003275.3_38_F.1.1,endothelial cell,Hippocampus,F,3_38_F,B003275,1682,536725.0
D22.B003290.3_38_F.1.1,neuron,Striatum,F,3_38_F,B003290,3866,518296.0
D22.MAA000561.3_10_M.1.1,neuron,Cortex,M,3_10_M,MAA000561,8714,1659264.0
D22.MAA000563.3_10_M.1.1,oligodendrocyte,Hippocampus,M,3_10_M,MAA000563,2886,237254.0
D22.MAA000578.3_10_M.1.1,oligodendrocyte,Cerebellum,M,3_10_M,MAA000578,3508,1101940.0
D22.MAA000926.3_9_M.1.1,neuron,Cortex,M,3_9_M,MAA000926,3745,224221.0
D22.MAA000930.3_8_M.1.1,oligodendrocyte,Cortex,M,3_8_M,MAA000930,3489,322720.0
D22.MAA000935.3_8_M.1.1,oligodendrocyte,Hippocampus,M,3_8_M,MAA000935,2572,730597.0
D22.MAA000941.3_8_M.1.1,oligodendrocyte,Hippocampus,M,3_8_M,MAA000941,4156,348485.0
D22.MAA000944.3_9_M.1.1,oligodendrocyte,Cortex,M,3_9_M,MAA000944,2889,1102734.0
D3.B003290.3_38_F.1.1,endothelial cell,Striatum,F,3_38_F,B003290,2624,473404.0
D3.MAA000564.3_10_M.1.1,oligodendrocyte precursor cell,Striatum,M,3_10_M,MAA000564,5034,227426.0
D3.MAA000928.3_9_M.1.1,oligodendrocyte,Cerebellum,M,3_9_M,MAA000928,2972,881575.0
D3.MAA000930.3_8_M.1.1,astrocyte,Cortex,M,3_8_M,MAA000930,2958,407721.0
D3.MAA000932.3_11_M.1.1,endothelial cell,Hippocampus,M,3_11_M,MAA000932,4225,977782.0
D3.MAA000941.3_8_M.1.1,oligodendrocyte,Hippocampus,M,3_8_M,MAA000941,2467,114151.0
D3.MAA000947.3_9_M.1.1,astrocyte,Hippocampus,M,3_9_M,MAA000947,1156,98289.0
D3.MAA001845.3_39_F.1.1,endothelial cell,Cerebellum,F,3_39_F,MAA001845,1938,173490.0
D3.MAA001895.3_38_F.1.1,endothelial cell,Cortex,F,3_38_F,MAA001895,2093,77543.0
D4.B003274.3_38_F.1.1,oligodendrocyte,Striatum,F,3_38_F,B003274,2345,1178397.0
D4.B003290.3_38_F.1.1,endothelial cell,Striatum,F,3_38_F,B003290,1275,298681.0
D4.MAA000550.3_10_M.1.1,oligodendrocyte,Hippocampus,M,3_10_M,MAA000550,4719,5006753.0
D4.MAA000560.3_10_M.1.1,astrocyte,Cortex,M,3_10_M,MAA000560,3933,1455484.0
D4.MAA000564.3_10_M.1.1,astrocyte,Striatum,M,3_10_M,MAA000564,3876,572085.0
D4.MAA000615.3_10_M.1.1,oligodendrocyte,Striatum,M,3_10_M,MAA000615,2850,884119.0
D4.MAA000926.3_9_M.1.1,oligodendrocyte,Cortex,M,3_9_M,MAA000926,4084,1511013.0
D4.MAA000935.3_8_M.1.1,oligodendrocyte,Hippocampus,M,3_8_M,MAA000935,2917,965712.0
D4.MAA000942.3_8_M.1.1,astrocyte,Striatum,M,3_8_M,MAA000942,3674,332551.0
D4.MAA000944.3_9_M.1.1,oligodendrocyte,Cortex,M,3_9_M,MAA000944,3706,1973901.0
D4.MAA001845.3_39_F.1.1,endothelial cell,Cerebellum,F,3_39_F,MAA001845,4548,862145.0
D4.MAA001894.3_39_F.1.1,oligodendrocyte,Cortex,F,3_39_F,MAA001894,4817,754942.0
D4.MAA001895.3_38_F.1.1,endothelial cell,Cortex,F,3_38_F,MAA001895,3294,155365.0
D5.B003274.3_38_F.1.1,oligodendrocyte,Striatum,F,3_38_F,B003274,1632,1096432.0
D5.MAA000560.3_10_M.1.1,astrocyte,Cortex,M,3_10_M,MAA000560,2544,789091.0
D5.MAA000564.3_10_M.1.1,endothelial cell,Striatum,M,3_10_M,MAA000564,2389,383630.0
D5.MAA000578.3_10_M.1.1,Bergmann glial cell,Cerebellum,M,3_10_M,MAA000578,3961,976533.0
D5.MAA000615.3_10_M.1.1,oligodendrocyte,Striatum,M,3_10_M,MAA000615,3103,1511389.0
D5.MAA000932.3_11_M.1.1,endothelial cell,Hippocampus,M,3_11_M,MAA000932,1740,375007.0
D5.MAA000941.3_8_M.1.1,astrocyte,Hippocampus,M,3_8_M,MAA000941,2291,87665.0
D5.MAA000944.3_9_M.1.1,astrocyte,Cortex,M,3_9_M,MAA000944,1049,1176874.0
D5.MAA001845.3_39_F.1.1,endothelial cell,Cerebellum,F,3_39_F,MAA001845,2039,141096.0
D6.B003275.3_38_F.1.1,endothelial cell,Hippocampus,F,3_38_F,B003275,3836,1737512.0
D6.MAA000563.3_10_M.1.1,oligodendrocyte precursor cell,Hippocampus,M,3_10_M,MAA000563,3643,932042.0
D6.MAA000615.3_10_M.1.1,astrocyte,Striatum,M,3_10_M,MAA000615,2692,684742.0
D6.MAA000926.3_9_M.1.1,oligodendrocyte,Cortex,M,3_9_M,MAA000926,3649,1177260.0
D6.MAA000935.3_8_M.1.1,astrocyte,Hippocampus,M,3_8_M,MAA000935,1343,248000.0
D6.MAA000942.3_8_M.1.1,neuron,Striatum,M,3_8_M,MAA000942,5226,628557.0
D6.MAA000944.3_9_M.1.1,astrocyte,Cortex,M,3_9_M,MAA000944,1223,919562.0
D6.MAA000947.3_9_M.1.1,oligodendrocyte precursor cell,Hippocampus,M,3_9_M,MAA000947,4795,951796.0
D6.MAA001894.3_39_F.1.1,endothelial cell,Cortex,F,3_39_F,MAA001894,2329,245023.0
D7.B003275.3_38_F.1.1,endothelial cell,Hippocampus,F,3_38_F,B003275,2649,2083549.0
D7.B003290.3_38_F.1.1,astrocyte,Striatum,F,3_38_F,B003290,2214,419860.0
D7.MAA000560.3_10_M.1.1,oligodendrocyte precursor cell,Cortex,M,3_10_M,MAA000560,4626,1307403.0
D7.MAA000615.3_10_M.1.1,oligodendrocyte,Striatum,M,3_10_M,MAA000615,2985,1561689.0
D7.MAA000638.3_9_M.1.1,neuron,Cerebellum,M,3_9_M,MAA000638,1472,402304.0
D7.MAA000926.3_9_M.1.1,oligodendrocyte,Cortex,M,3_9_M,MAA000926,4684,1232348.0
D7.MAA000932.3_11_M.1.1,endothelial cell,Hippocampus,M,3_11_M,MAA000932,3391,696740.0
D7.MAA000944.3_9_M.1.1,oligodendrocyte,Cortex,M,3_9_M,MAA000944,3141,2061248.0
D7.MAA001895.3_38_F.1.1,endothelial cell,Cortex,F,3_38_F,MAA001895,1789,70559.0
D8.MAA000560.3_10_M.1.1,oligodendrocyte,Cortex,M,3_10_M,MAA000560,3179,992230.0
D8.MAA000563.3_10_M.1.1,oligodendrocyte,Hippocampus,M,3_10_M,MAA000563,2494,625060.0
D8.MAA000564.3_10_M.1.1,oligodendrocyte,Striatum,M,3_10_M,MAA000564,5883,669104.0
D8.MAA000615.3_10_M.1.1,oligodendrocyte,Striatum,M,3_10_M,MAA000615,3444,1832100.0
D8.MAA000923.3_9_M.1.1,oligodendrocyte,Hippocampus,M,3_9_M,MAA000923,3677,869799.0
D8.MAA000926.3_9_M.1.1,oligodendrocyte,Cortex,M,3_9_M,MAA000926,3345,957306.0
D8.MAA000941.3_8_M.1.1,oligodendrocyte,Hippocampus,M,3_8_M,MAA000941,3779,414354.0
D9.B003275.3_38_F.1.1,oligodendrocyte precursor cell,Hippocampus,F,3_38_F,B003275,2978,1163471.0
D9.B003290.3_38_F.1.1,endothelial cell,Striatum,F,3_38_F,B003290,2427,867671.0
D9.MAA000553.3_10_M.1.1,endothelial cell,Hippocampus,M,3_10_M,MAA000553,4998,3159391.0
D9.MAA000560.3_10_M.1.1,oligodendrocyte,Cortex,M,3_10_M,MAA000560,4559,1487544.0
D9.MAA000615.3_10_M.1.1,oligodendrocyte,Striatum,M,3_10_M,MAA000615,3275,1908449.0
D9.MAA000923.3_9_M.1.1,oligodendrocyte,Hippocampus,M,3_9_M,MAA000923,2842,797820.0
D9.MAA000925.3_9_M.1.1,oligodendrocyte,Striatum,M,3_9_M,MAA000925,3431,500557.0
D9.MAA000926.3_9_M.1.1,astrocyte,Cortex,M,3_9_M,MAA000926,1363,261417.0
D9.MAA000928.3_9_M.1.1,Bergmann glial cell,Cerebellum,M,3_9_M,MAA000928,1220,949111.0
D9.MAA000935.3_8_M.1.1,oligodendrocyte,Hippocampus,M,3_8_M,MAA000935,3645,1284462.0
D9.MAA001895.3_38_F.1.1,endothelial cell,Cortex,F,3_38_F,MAA001895,2438,104300.0
E1.B003290.3_38_F.1.1,endothelial cell,Striatum,F,3_38_F,B003290,2141,345604.0
E1.MAA000560.3_10_M.1.1,astrocyte,Cortex,M,3_10_M,MAA000560,1055,159166.0
E1.MAA000926.3_9_M.1.1,oligodendrocyte precursor cell,Cortex,M,3_9_M,MAA000926,3998,566703.0
E1.MAA000932.3_11_M.1.1,endothelial cell,Hippocampus,M,3_11_M,MAA000932,2629,472448.0
E1.MAA000935.3_8_M.1.1,oligodendrocyte,Hippocampus,M,3_8_M,MAA000935,5383,1195213.0
E1.MAA000941.3_8_M.1.1,oligodendrocyte,Hippocampus,M,3_8_M,MAA000941,3341,339646.0
E1.MAA000942.3_8_M.1.1,oligodendrocyte precursor cell,Striatum,M,3_8_M,MAA000942,4482,360085.0
E1.MAA001845.3_39_F.1.1,endothelial cell,Cerebellum,F,3_39_F,MAA001845,1864,133798.0
E1.MAA001895.3_38_F.1.1,endothelial cell,Cortex,F,3_38_F,MAA001895,2308,82249.0
E10.B003275.3_38_F.1.1,endothelial cell,Hippocampus,F,3_38_F,B003275,5264,1455049.0
E10.B003290.3_38_F.1.1,endothelial cell,Striatum,F,3_38_F,B003290,3290,1076733.0
E10.MAA000563.3_10_M.1.1,oligodendrocyte precursor cell,Hippocampus,M,3_10_M,MAA000563,4365,403772.0
E10.MAA000581.3_10_M.1.1,oligodendrocyte,Cerebellum,M,3_10_M,MAA000581,2184,314180.0
E10.MAA000923.3_9_M.1.1,neuron,Hippocampus,M,3_9_M,MAA000923,6282,716658.0
E10.MAA000925.3_9_M.1.1,oligodendrocyte,Striatum,M,3_9_M,MAA000925,5366,1053979.0
E10.MAA000926.3_9_M.1.1,astrocyte,Cortex,M,3_9_M,MAA000926,4257,866061.0
E10.MAA000935.3_8_M.1.1,oligodendrocyte,Hippocampus,M,3_8_M,MAA000935,4212,1271150.0
E10.MAA000941.3_8_M.1.1,oligodendrocyte,Hippocampus,M,3_8_M,MAA000941,2896,251645.0
E11.B000621.3_56_F.1.1,astrocyte,Hippocampus,F,3_56_F,B000621,3804,895862.0
E11.B003275.3_38_F.1.1,endothelial cell,Hippocampus,F,3_38_F,B003275,2451,1378031.0
E11.MAA000560.3_10_M.1.1,oligodendrocyte,Cortex,M,3_10_M,MAA000560,2442,734664.0
E11.MAA000926.3_9_M.1.1,oligodendrocyte,Cortex,M,3_9_M,MAA000926,3681,764202.0
E11.MAA000932.3_11_M.1.1,endothelial cell,Hippocampus,M,3_11_M,MAA000932,3130,584601.0
E11.MAA000935.3_8_M.1.1,oligodendrocyte,Hippocampus,M,3_8_M,MAA000935,3343,1092632.0
E11.MAA001894.3_39_F.1.1,astrocyte,Cortex,F,3_39_F,MAA001894,2842,334863.0
E12.MAA000581.3_10_M.1.1,endothelial cell,Cerebellum,M,3_10_M,MAA000581,2027,240055.0
E12.MAA000902.3_11_M.1.1,oligodendrocyte,Striatum,M,3_11_M,MAA000902,5241,7693363.0
E12.MAA000924.3_8_M.1.1,neuron,Cerebellum,M,3_8_M,MAA000924,1314,1470013.0
E12.MAA000926.3_9_M.1.1,oligodendrocyte,Cortex,M,3_9_M,MAA000926,3282,645686.0
E12.MAA000935.3_8_M.1.1,oligodendrocyte,Hippocampus,M,3_8_M,MAA000935,3730,1082499.0
E12.MAA000941.3_8_M.1.1,oligodendrocyte,Hippocampus,M,3_8_M,MAA000941,2976,103156.0
E12.MAA000944.3_9_M.1.1,astrocyte,Cortex,M,3_9_M,MAA000944,3068,1459979.0
E12.MAA000947.3_9_M.1.1,oligodendrocyte,Hippocampus,M,3_9_M,MAA000947,3155,1205723.0
E12.MAA001894.3_39_F.1.1,oligodendrocyte precursor cell,Cortex,F,3_39_F,MAA001894,3749,165964.0
E12.MAA001895.3_38_F.1.1,endothelial cell,Cortex,F,3_38_F,MAA001895,2657,116835.0
E13.B003275.3_38_F.1.1,brain pericyte,Hippocampus,F,3_38_F,B003275,2662,835889.0
E13.B003290.3_38_F.1.1,endothelial cell,Striatum,F,3_38_F,B003290,1880,704890.0
E13.MAA000560.3_10_M.1.1,oligodendrocyte,Cortex,M,3_10_M,MAA000560,3079,1348033.0
E13.MAA000578.3_10_M.1.1,oligodendrocyte,Cerebellum,M,3_10_M,MAA000578,4915,1558729.0
E13.MAA000581.3_10_M.1.1,endothelial cell,Cerebellum,M,3_10_M,MAA000581,2060,263972.0
E13.MAA000615.3_10_M.1.1,neuron,Striatum,M,3_10_M,MAA000615,4019,1388950.0
E13.MAA000926.3_9_M.1.1,brain pericyte,Cortex,M,3_9_M,MAA000926,3523,543445.0
E13.MAA000935.3_8_M.1.1,oligodendrocyte,Hippocampus,M,3_8_M,MAA000935,3143,702342.0
E13.MAA000941.3_8_M.1.1,endothelial cell,Hippocampus,M,3_8_M,MAA000941,2605,141370.0
E13.MAA000942.3_8_M.1.1,neuron,Striatum,M,3_8_M,MAA000942,5887,351100.0
E13.MAA000944.3_9_M.1.1,astrocyte,Cortex,M,3_9_M,MAA000944,1178,1270951.0
E14.B003275.3_38_F.1.1,endothelial cell,Hippocampus,F,3_38_F,B003275,2027,452762.0
E14.B003290.3_38_F.1.1,endothelial cell,Striatum,F,3_38_F,B003290,2917,998053.0
E14.MAA000560.3_10_M.1.1,oligodendrocyte,Cortex,M,3_10_M,MAA000560,3024,1171660.0
E14.MAA000581.3_10_M.1.1,brain pericyte,Cerebellum,M,3_10_M,MAA000581,3393,596003.0
E14.MAA000641.3_9_M.1.1,brain pericyte,Cerebellum,M,3_9_M,MAA000641,3668,2703771.0
E14.MAA000926.3_9_M.1.1,astrocyte,Cortex,M,3_9_M,MAA000926,4182,611006.0
E14.MAA000932.3_11_M.1.1,oligodendrocyte,Hippocampus,M,3_11_M,MAA000932,2635,1036816.0
E14.MAA000935.3_8_M.1.1,oligodendrocyte,Hippocampus,M,3_8_M,MAA000935,3332,852307.0
E14.MAA000944.3_9_M.1.1,astrocyte,Cortex,M,3_9_M,MAA000944,2601,1521942.0
E15.MAA000581.3_10_M.1.1,neuron,Cerebellum,M,3_10_M,MAA000581,3432,705641.0
E15.MAA000638.3_9_M.1.1,neuron,Cerebellum,M,3_9_M,MAA000638,1258,205978.0
E15.MAA000923.3_9_M.1.1,astrocyte,Hippocampus,M,3_9_M,MAA000923,1875,236107.0
E15.MAA000941.3_8_M.1.1,astrocyte,Hippocampus,M,3_8_M,MAA000941,2196,128401.0
E16.B001688.3_38_F.1.1,oligodendrocyte,Hippocampus,F,3_38_F,B001688,1929,2193535.0
E16.B003275.3_38_F.1.1,endothelial cell,Hippocampus,F,3_38_F,B003275,4327,931560.0
E16.MAA000560.3_10_M.1.1,astrocyte,Cortex,M,3_10_M,MAA000560,2820,648734.0
E16.MAA000581.3_10_M.1.1,brain pericyte,Cerebellum,M,3_10_M,MAA000581,3634,1560576.0
E16.MAA000923.3_9_M.1.1,oligodendrocyte,Hippocampus,M,3_9_M,MAA000923,3060,741026.0
E16.MAA000925.3_9_M.1.1,oligodendrocyte,Striatum,M,3_9_M,MAA000925,2731,404264.0
E16.MAA000932.3_11_M.1.1,oligodendrocyte,Hippocampus,M,3_11_M,MAA000932,2817,743696.0
E16.MAA000941.3_8_M.1.1,astrocyte,Hippocampus,M,3_8_M,MAA000941,2936,94592.0
E16.MAA000944.3_9_M.1.1,oligodendrocyte,Cortex,M,3_9_M,MAA000944,2926,1857535.0
E16.MAA000947.3_9_M.1.1,oligodendrocyte,Hippocampus,M,3_9_M,MAA000947,4730,2193109.0
E16.MAA001895.3_38_F.1.1,oligodendrocyte,Cortex,F,3_38_F,MAA001895,1918,83752.0
E17.B003275.3_38_F.1.1,endothelial cell,Hippocampus,F,3_38_F,B003275,2631,704109.0
E17.B003290.3_38_F.1.1,brain pericyte,Striatum,F,3_38_F,B003290,3792,486958.0
E17.MAA000561.3_10_M.1.1,neuron,Cortex,M,3_10_M,MAA000561,8226,2430039.0
E17.MAA000581.3_10_M.1.1,neuron,Cerebellum,M,3_10_M,MAA000581,3555,1571864.0
E17.MAA000923.3_9_M.1.1,astrocyte,Hippocampus,M,3_9_M,MAA000923,3490,426528.0
E17.MAA000947.3_9_M.1.1,oligodendrocyte,Hippocampus,M,3_9_M,MAA000947,3811,1518291.0
E17.MAA001895.3_38_F.1.1,brain pericyte,Cortex,F,3_38_F,MAA001895,2762,128590.0
E18.MAA000560.3_10_M.1.1,oligodendrocyte,Cortex,M,3_10_M,MAA000560,3357,1090128.0
E18.MAA000581.3_10_M.1.1,endothelial cell,Cerebellum,M,3_10_M,MAA000581,1424,1810437.0
E18.MAA000638.3_9_M.1.1,endothelial cell,Cerebellum,M,3_9_M,MAA000638,1237,581155.0
E18.MAA000926.3_9_M.1.1,oligodendrocyte,Cortex,M,3_9_M,MAA000926,4248,834531.0
E18.MAA000932.3_11_M.1.1,endothelial cell,Hippocampus,M,3_11_M,MAA000932,3864,730342.0
E18.MAA000942.3_8_M.1.1,oligodendrocyte,Striatum,M,3_8_M,MAA000942,2814,380291.0
E19.MAA000538.3_8_M.1.1,Bergmann glial cell,Cerebellum,M,3_8_M,MAA000538,4349,316037.0
E19.MAA000560.3_10_M.1.1,oligodendrocyte precursor cell,Cortex,M,3_10_M,MAA000560,3814,1278927.0
E19.MAA000561.3_10_M.1.1,endothelial cell,Cortex,M,3_10_M,MAA000561,3674,1925986.0
E19.MAA000638.3_9_M.1.1,neuron,Cerebellum,M,3_9_M,MAA000638,1473,406724.0
E19.MAA000926.3_9_M.1.1,oligodendrocyte,Cortex,M,3_9_M,MAA000926,1273,96655.0
E19.MAA000941.3_8_M.1.1,oligodendrocyte,Hippocampus,M,3_8_M,MAA000941,3171,212536.0
E19.MAA000944.3_9_M.1.1,oligodendrocyte,Cortex,M,3_9_M,MAA000944,2993,1538189.0
E2.B003728.3_56_F.1.1,oligodendrocyte,Striatum,F,3_56_F,B003728,3331,2169375.0
E2.MAA000560.3_10_M.1.1,endothelial cell,Cortex,M,3_10_M,MAA000560,4236,1273888.0
E2.MAA000902.3_11_M.1.1,astrocyte,Striatum,M,3_11_M,MAA000902,3026,3134463.0
E2.MAA000926.3_9_M.1.1,oligodendrocyte,Cortex,M,3_9_M,MAA000926,3085,744301.0
E2.MAA000932.3_11_M.1.1,endothelial cell,Hippocampus,M,3_11_M,MAA000932,2277,519257.0
E2.MAA000944.3_9_M.1.1,oligodendrocyte,Cortex,M,3_9_M,MAA000944,3234,1437895.0
E2.MAA001894.3_39_F.1.1,oligodendrocyte,Cortex,F,3_39_F,MAA001894,3375,885166.0
